domain,category,confirmed,evidence,login_url,final_url
6wolves.ai,unreachable,,,,
accentjobs.be,none,,,https://accentjobs.be/users/sign_in,https://accentjobs.be/nl/users/sign_in
actandsorb.com,none,,,https://actandsorb.com/users/sign_in,https://actandsorb.com/lander
adbsafegate.com,none,,,https://adbsafegate.com/users/sign_in,https://adbsafegate.com/users/sign_in
agpglass.com,none,,,https://agpglass.com/users/sign_in,https://agpglass.com/users/sign_in
alberts.be,none,,,https://alberts.be/users/sign_in,https://alberts.be/users/sign_in
alterpharmagroup.be,unreachable,,,,
amakem.com,none,,,https://amakem.com/users/sign_in,https://www.hugedomains.com/domain_profile.cfm?d=amakem.com
animaresearch.com,none,,,https://animaresearch.com/users/sign_in,https://www.animaresearch.com/users/sign_in
anyti.me,none,,,https://anyti.me/users/sign_in,https://anyti.me/users/sign_in
appiness.mobi,none,,,https://appiness.mobi/users/sign_in,https://expireddomains.com/domain/appiness.mobi?utm_source=redi
arcsec.space,none,,,https://arcsec.space/users/sign_in,https://www.arcsec.space/users/sign_in/
avia-gis.com,none,,,https://avia-gis.com/users/sign_in,https://www.avia-gis.com/
axi.be,microsoft,yes,btn:Entra ID,https://axi.be/,https://www.axi.be/nl
axinesis.com,none,,,https://axinesis.com/users/sign_in,https://www.axinesis.com/users/sign_in
azelis.com,none,,,https://azelis.com/users/sign_in,https://www.azelis.com/users/sign_in
basalte.be,none,,,https://basalte.be/users/sign_in,https://www.basalte.be/users/sign_in
biostrand.be,none,,,https://biostrand.be/users/sign_in,https://www.mindwalkai.com/
bivolino.com,none,,,https://bivolino.com/users/sign_in,https://www.bivolino.com/fr/404.html
block0.io,none,,,https://block0.io/users/sign_in,https://block0.io/users/sign_in
boma.eu,none,,,https://boma.eu/users/sign_in,https://boma.eu/users/sign_in
brightanalytics.eu,none,,,https://brightanalytics.eu/users/sign_in,https://www.brightanalytics.eu/users/sign_in
carpool.fstr.eu,none,,,https://carpool.fstr.eu/users/sign_in,https://carpool.fstr.eu/users/sign_in
carsontheweb.com,unreachable,,,,
casteleinsealants.be,none,,,https://casteleinsealants.be/users/sign_in,https://casteleinsealants.be/
cefaly.com,none,,,https://cefaly.com/users/sign_in,https://www.cefaly.com/users/sign_in
citymesh.com,none,,,https://citymesh.com/users/sign_in,https://www.citymesh.com/users/sign_in
clear2pay.com,unreachable,,,,
cmac.com,none,,,https://cmac.com/users/sign_in,https://cmac.com/users/sign_in
co-libry.com,none,,,https://co-libry.com/users/sign_in,https://co-libry.com/users/sign_in
complix.com,none,,,https://complix.com/users/sign_in,https://www.complix.com/users/sign_in
continentalfoods.be,unreachable,,,,
contraload.com,none,,,https://contraload.com/users/sign_in,https://www.toscaltd.com/?contraload=true%2Fusers%2Fsign_in
corilus.be,none,,,https://corilus.be/users/sign_in,https://www.corilus.be/users/sign_in
curana.com,none,,,https://curana.com/users/sign_in,https://curana.com/users/sign_in
cvtrust.com,none,,,https://cvtrust.com/users/sign_in,https://www.smartcertificate.com/users/sign_in
decat.be,none,,,https://decat.be/users/sign_in,https://decat.be/users/sign_in
dieteren.com,none,,,https://dieteren.com/users/sign_in,https://www.dieterengroup.com/users/sign_in/
digita.ai,unreachable,,,,
digitalho.com,none,,,https://digitalho.com/users/sign_in,https://digitalho.com/users/sign_in
dileoz.com,none,,,https://dileoz.com/users/sign_in,http://vldv.wordpress01.dev.dileoz.network/
diversifoods.com,none,,,https://diversifoods.com/users/sign_in,https://diversifoods.com/users/sign_in
dnalytics.com,unreachable,,,,
easyfairs.com,microsoft,yes,ms_redirect,https://easyfairs.com/login,https://login.microsoftonline.com/ad58c17f-1c94-4fb0-bb6a-606501347f25/saml2?SAMLRequest=jZJBb9swDIX%2FiqG7bMuxY1eIU2QNigXotqBJd9hlkBQ6FWBTnig367%2Bf4yxAd2ixo6hH8HuPXNz%2B7troBTxZhzUTccoiQOMOFo81e9rf84rdLhekuraXqyE84yP8GoBCNPYhyemjZoNH6RRZkqg6IBmM3K2%2BPMgsTmXvXXDGtezS8rFYEYEPIwuLNuua%2FdRalXouhK7KUkA%2BM4WezZriRgldmsKArvRN1VRZnrHo%2B9VFdnaxIRpggxQUhrGUZnMuUp5me5HJvJRF9YNF279onyxeDH%2BEpi8ikp%2F3%2By3fftvtWbS64t45pKEDvwP%2FYg08PT7U7DmEnmSSnE6nGBS9Nsp6io3rEhatxwgtqjDxXoWtO1qMO2u8I9cEh61FmBrUoaiMKBsuzE3O80anXOu54vN0XqRilpdNViTnXWTssiw52fdvtvS%2FuS%2Ffxz713DgMgCHp22FkpaSzaJ1XeAR%2BHsKzlNMYUjs%2B7RG5w2SRvOG5XtLXEWCz3rrWmtdo1bbudOdBBahZ8AOw6N75ToX3kUUspoo98GaSygGpB2MbCweWLC9D%2F73Y5R8%3D&RelayState=%2Fwp-login.php&sso_reload=true
elexbiotech.com,none,,,https://elexbiotech.com/users/sign_in,https://elexbiotech.com/users/sign_in
elindus.be,none,,,https://elindus.be/users/sign_in,https://elindus.be/users/sign_in
emmers.eu,none,,,https://emmers.eu/users/sign_in,https://emmers.eu/users/sign_in
energygreenmap.org,none,,,https://energygreenmap.org/users/sign_in,https://energygreenmap.org/users/sign_in
enhesa.com,none,,,https://enhesa.com/users/sign_in,https://www.enhesa.com/users/sign_in
epihunter.com,unreachable,,,,
erc.europa.eu,none,,,https://erc.europa.eu/users/sign_in,https://erc.europa.eu/users/sign_in
eu-conexus.eu,none,,,https://eu-conexus.eu/users/sign_in,https://www.eu-conexus.eu/users/sign_in
eu.marcolini.com,none,,,https://eu.marcolini.com/users/sign_in,https://eu.marcolini.com/en/
europeancorrespondent.com,none,,,https://europeancorrespondent.com/users/sign_in,https://europeancorrespondent.com/users/sign_in
faqbot.co,none,,,https://faqbot.co/users/sign_in,https://faqbot.co/users/sign_in
feantsa.org,none,,,https://feantsa.org/users/sign_in,https://www.feantsa.org/users/sign_in
fischbein.com,none,,,https://fischbein.com/users/sign_in,https://votech.com/
foodmaker.be,none,,,https://foodmaker.be/users/sign_in,https://www.foodmaker.be/nl/users/sign_in
formacpharma.com,none,,,https://formacpharma.com/users/sign_in,https://formacpharma.com/users/sign_in
foundme.co,none,,,https://foundme.co/users/sign_in,https://forsale.godaddy.com/forsale/foundme.co?utm_source=TDFS_BINNS2&utm_medium=parkedpages&utm_campaign=x_corp_tdfs-binns2_base&traffic_type=TDFS_BINNS2&traffic_id=binns2&
frigilunch.be,none,,,https://frigilunch.be/users/sign_in,https://www.frigilunch.be/users/sign_in
gethouston.com,none,,,https://gethouston.com/users/sign_in,https://gethouston.com/users/sign_in
green2chem.com,unreachable,,,,
groupe-jvs.fr,none,,,https://groupe-jvs.fr/users/sign_in,https://www.groupe-jvs.fr/users/sign_in
groupofbutchers.com,none,,,https://groupofbutchers.com/users/sign_in,https://www.groupofbutchers.com/users/sign_in
handltherapeutics.com,unreachable,,,,
hcjoints.be,none,,,https://hcjoints.be/users/sign_in,https://www.hc-joints.com/users/sign_in
histogenex.com,none,,,https://histogenex.com/users/sign_in,https://histogenex.com/users/sign_in
houseofhr.com,none,,,https://houseofhr.com/users/sign_in,https://houseofhr.com/users/sign_in
hyloris.com,none,,,https://hyloris.com/users/sign_in,https://hyloris.com/users/sign_in
ikaros-solar.eu,none,,,https://ikaros-solar.eu/users/sign_in,https://radiance-energy.eu/users/sign_in
incofinfaf.com,none,,,https://incofinfaf.com/users/sign_in,https://incofinfaf.com/users/sign_in
intelli.gent,none,,,https://intelli.gent/users/sign_in,https://team.blue/
ixor.be,none,,,https://ixor.be/users/sign_in,https://www.ixor.be/users/sign_in
ixortalk.com,unreachable,,,,
kiala.co.uk,unreachable,,,,
knowliah.com,none,,,https://knowliah.com/users/sign_in,https://knowliah.com/users/sign_in
lbctt.com,none,,,https://lbctt.com/users/sign_in,https://lbctt.com/.well-known/sgcaptcha/?r=%2Fusers%2Fsign_in&y=ipc:160.79.106.134:1790945316.639
lemmens.com,unreachable,,,,
lensonline.be,none,,,https://lensonline.be/users/sign_in,https://www.lensonline.be/nl/users/sign_in
lineas.net,none,,,https://lineas.net/users/sign_in,https://lineas.net/en/users/sign_in
mainichi.digital,none,,,https://mainichi.digital/users/sign_in,https://www.mainichi.digital/users/sign_in
materialise.com,none,,,https://materialise.com/users/sign_in,https://www.materialise.com/en/users/sign_in
mazaro.eu,none,,,https://mazaro.eu/users/sign_in,https://www.mazaro.eu/users/sign_in
mci-group.com,none,,,https://mci-group.com/users/sign_in,https://www.mci-group.com/users/sign_in
medhold.co.za,none,,,https://medhold.co.za/users/sign_in,https://medhold.co.za/users/sign_in
metes.be,none,,,https://metes.be/users/sign_in,https://metes.be/users/sign_in
motosmarty.com,unreachable,,,,
move-intermodal.com,none,,,https://move-intermodal.com/users/sign_in,https://move-intermodal.com/users/sign_in
nanopixel.be,none,,,https://nanopixel.be/users/sign_in,https://nanopixel3d.com/users/sign_in
nextgenics.co,none,,,https://nextgenics.co/users/sign_in,https://www.nextgenics.co/users/sign_in
nl.cellumat.be,unreachable,,,,
novosanis.com,none,,,https://novosanis.com/users/sign_in,https://novosanis.com/users/sign_in
nunet.io,none,,,https://nunet.io/users/sign_in,https://www.nunet.io/users/sign_in
ogone.com,unreachable,,,,
ohgreen.be,none,,,https://ohgreen.be/users/sign_in,https://www.ohgreen.be/nl
ohmx.bio,none,,,https://ohmx.bio/users/sign_in,https://ohmx.bio/users/sign_in
okapi-sciences.com,unreachable,,,,
oncurious.com,unreachable,,,,
otoconsult.com,none,,,https://otoconsult.com/users/sign_in,https://otoconsult.com/users/sign_in
ovizio.com,none,,,https://ovizio.com/users/sign_in,https://ovizio.com/users/sign_in
ows.be,none,,,https://ows.be/users/sign_in,https://normecows.com/users/sign_in
pcfruit.be,none,,,https://pcfruit.be/users/sign_in,https://www.pcfruit.be/users/sign_in
pemco-intl.com,none,,,https://pemco-intl.com/users/sign_in,https://pemco-intl.com/users/sign_in
pharmadm.com,none,,,https://pharmadm.com/users/sign_in,https://www.pharmadm.com/users/sign_in
polepositionbe.com,none,,,https://polepositionbe.com/users/sign_in,https://polepositionbe.com/users/sign_in
praesidiad.com,none,,,https://praesidiad.com/users/sign_in,https://www.praesidiad.com/users/sign_in
prefarails.eu,unreachable,,,,
premiumsoundsolutions.com,none,,,https://premiumsoundsolutions.com/users/sign_in,https://www.premiumsoundsolutions.com/users/sign_in
productlifegroup.com,none,,,https://productlifegroup.com/users/sign_in,https://www.productlifegroup.com/users/sign_in
prosperbioplastics.eu,none,,,https://prosperbioplastics.eu/users/sign_in,https://prosperbioplastics.eu/users/sign_in
prothya.com,none,,,https://prothya.com/users/sign_in,https://prothya.com/users/sign_in
punchpowertrain.com,none,,,https://punchpowertrain.com/users/sign_in,https://punchpowertrain.com/users/sign_in
quality-assistance.com,none,,,https://quality-assistance.com/users/sign_in,https://www.quality-assistance.com/users/sign_in
securelink.be,none,,,https://securelink.be/users/sign_in,https://orangecyberdefense.com/be/
sereni.be,none,,,https://sereni.be/users/sign_in,https://sereni.be/
smartatenergy.com,none,,,https://smartatenergy.com/users/sign_in,https://smartatenergy.com/users/sign_in
sofitto.com,none,,,https://sofitto.com/users/sign_in,https://www.hugedomains.com/domain_profile.cfm?d=sofitto.com
soleras.com,none,,,https://soleras.com/users/sign_in,https://www.soleras.com/users/sign_in
spaceapplications.com,none,,,https://spaceapplications.com/users/sign_in,https://www.spaceapplications.com/
spacewell.com,none,,,https://spacewell.com/users/sign_in,https://spacewell.com/users/sign_in
spott.ai,none,,,https://spott.ai/users/sign_in,https://spott.ai/users/sign_in
sustainableledlight.com,none,,,https://sustainableledlight.com/users/sign_in,https://www.sustainableledlight.com/users/sign_in
swishnation.be,unreachable,,,,
sylphar.com,none,,,https://sylphar.com/users/sign_in,https://www.karohealthcare.com/users/sign_in
tessares.net,none,,,https://tessares.net/users/sign_in,https://www.wavenet.be/fr/services/telecommunication/
textgain.com,none,,,https://textgain.com/users/sign_in,https://www.textgain.com/users/sign_in/
tigenix.com,unreachable,,,,
toponweb.be,none,,,https://toponweb.be/signin,https://www.toponweb.be/
trafuco.eu,none,,,https://trafuco.eu/users/sign_in,https://trafuco.eu/users/sign_in
trustteam.be,none,,,https://trustteam.be/users/sign_in,https://www.trustteam.eu/nl-be
turbulent.be,none,,,https://turbulent.be/users/sign_in,https://www.turbulent.be/users/sign_in
tyneso.com,none,,,https://tyneso.com/users/sign_in,https://tyneso.com/users/sign_in
unitedpetfood.eu,none,,,https://unitedpetfood.eu/users/sign_in,https://www.unitedpetfood.eu/users/sign_in
valcun.be,none,,,https://valcun.be/users/sign_in,https://www.valcun.be/users/sign_in
vdbenergy.com,none,,,https://vdbenergy.com/users/sign_in,https://vdbenergy.com/users/sign_in
veldemangroup.com,none,,,https://veldemangroup.com/users/sign_in,https://veldemangroup.com/users/sign_in
verhaert.com,none,,,https://verhaert.com/users/sign_in,https://verhaert.com/users/sign_in
veritas.be,none,,,https://veritas.be/users/sign_in,https://www.veritas.be/nl_be/users/sign_in
vesalepharma.com,none,,,https://vesalepharma.com/users/sign_in,https://vesalepharma.com/users/sign_in
vetex.be,none,,,https://vetex.be/users/sign_in,https://www.vetex.eu/users/sign_in
viabuild.be,none,,,https://viabuild.be/users/sign_in,https://www.viabuild.be/users/sign_in
vixenbio.com,none,,,https://vixenbio.com/users/sign_in,https://vixenbio.com/users/sign_in
workero.com,microsoft,yes,btn:Continue with Microsoft,https://workero.com/,https://koipasti.com/
zebra-telemedicine.com,none,,,https://zebra-telemedicine.com/users/sign_in,https://zebra-telemedicine.com/users/sign_in
