domain,g_cat,g_ev,ms_cat,ms_ev,login_url
1tomplumber.com,none,,none,,https://1tomplumber.com/
3binternational.com,none,,none,,https://3binternational.com/
3db-labs.com,none,,none,,https://3db-labs.com/
3docompany.com,unreachable,,unreachable,,
406energy.com,none,,none,,https://406energy.com/
433.co.kr,none,,none,,https://433.co.kr/
5qpartners.com,none,,none,,https://5qpartners.com/
7brew.com,none,,none,,https://7brew.com/
8fi.com.hk,unreachable,,unreachable,,
9solutions.com,none,,none,,https://9solutions.com/
abilitylng.com,none,,none,,https://abilitylng.com/
ablcavezzo.it,none,,none,,https://ablcavezzo.it/
accelerated-wp.com,none,,none,,https://accelerated-wp.com/
accreditedlabs.com,none,,none,,https://accreditedlabs.com/
accucast.us,none,,none,,https://accucast.us/
ace.edu,none,,none,,https://ace.edu/
activtrak.com,jwt,req:response_type=id_token,none,,https://activtrak.com/
acturesolutions.com,none,,none,,https://acturesolutions.com/
acuoncapital.com,unreachable,,unreachable,,
acutronic.com,none,,none,,https://acutronic.com/
adaptiveprofile.com,unreachable,,unreachable,,
adcltd.fi,code,req:response_type=code,none,,https://adcltd.fi/
aden.com.tw,err,timeout,none,,
adenasoft.com,none,,none,,https://adenasoft.com/
adfengineering.com,none,,none,,https://adfengineering.com/
adriaferries.com,none,,none,,https://adriaferries.com/
adriannapapell.com,none,,none,,https://adriannapapell.com/
advancedirrigationmn.com,none,,none,,https://advancedirrigationmn.com/
advancedrevcycle.com,unreachable,,unreachable,,
advclinical.org,none,,none,,https://advclinical.org/
advicegroup.it,none,,none,,https://advicegroup.it/
advsol.com,none,,none,,https://advsol.com/
ae-capital.com,none,,none,,https://ae-capital.com/
aeris.com,none,,none,,https://aeris.com/
aeromedgroup.com,none,,none,,https://aeromedgroup.com/
aerondefense.com,none,,none,,https://aerondefense.com/
affordableamericaninsurance.com,none,,none,,https://affordableamericaninsurance.com/
afore.fi,none,,none,,
agilityretail.com,none,,none,,https://agilityretail.com/
agrizon.com,code,req:response_type=code,none,,https://agrizon.com/
aico.ai,none,,none,,https://aico.ai/
airitaly.com,unreachable,,unreachable,,
airsmed.com,none,,none,,https://airsmed.com/
aitworldwide.com,err,timeout,none,,
alacriti.com,none,,none,,
albamencapital.com,none,,none,,https://albamencapital.com/
albertomoretti.com,unreachable,,unreachable,,
albimarketing.com,none,,none,,https://albimarketing.com/
alfaparfmilano.com,none,,none,,https://alfaparfmilano.com/
alfatherm.it,none,,none,,
alfaysalgroup.com,none,,none,,https://alfaysalgroup.com/
alleviatefinancial.com,none,,none,,https://alleviatefinancial.com/
alliedroofingpartners.com,none,,none,,https://alliedroofingpartners.com/
alloyfranchise.com,none,,none,,https://alloyfranchise.com/
allsystemgroup.it,unreachable,,unreachable,,
allywaste.com,none,,none,,https://allywaste.com/
alp.com.tw,none,,none,,https://alp.com.tw/
alphatest.it,none,,none,,https://alphatest.it/
altaraservices.com,none,,none,,https://altaraservices.com/
altavair.com,none,,none,,
amag.com,none,,none,,https://amag.com/
amazingcre.com,none,,none,,https://amazingcre.com/
american-aero.com,none,,none,,https://american-aero.com/
americancastingco.com,none,,none,,https://americancastingco.com/
americankeysupply.com,none,,none,,https://americankeysupply.com/
amherst.com,none,,none,,https://amherst.com/
ampedfitness.com,none,,none,,https://ampedfitness.com/
amtdgroup.com,none,,none,,https://amtdgroup.com/
amusementconnect.com,none,,none,,https://amusementconnect.com/
amwins.com,none,,none,,https://amwins.com/
anagramtx.com,none,,none,,https://anagramtx.com/
anchorglass.com,none,,none,,https://anchorglass.com/
andionglobal.com,unreachable,,unreachable,,
andrewsitework.com,none,,none,,https://andrewsitework.com/
angelinipharma.com,none,,none,,https://angelinipharma.com/
animagi.fi,none,,none,,https://animagi.fi/
ansaldoenergia.com,unreachable,,unreachable,,
antas.org,none,,none,,https://antas.org/
aonebnh.co.kr,none,,none,,https://aonebnh.co.kr/
apex-iv.com,none,,none,,https://apex-iv.com/
apexlabgroup.com,code,req:response_type=code,none,,https://apexlabgroup.com/
apexspace.com,none,,none,,https://apexspace.com/
apparound.com,none,,microsoft_candidate,js:msal_or_msonline_wiring,https://apparound.com/
applebyglobal.com,none,,none,,https://applebyglobal.com/
applecart.co,none,,none,,https://applecart.co/
apsenv.com,none,,none,,https://apsenv.com/
apsholdings.co.kr,none,,none,,https://apsholdings.co.kr/
aptitudere.com,none,,none,,https://aptitudere.com/
aquafil.com,none,,none,,https://aquafil.com/
aquilance.com,none,,none,,https://aquilance.com/
aquilasystems.ai,none,,none,,https://aquilasystems.ai/
archcapital.net,unreachable,,unreachable,,
arco.fi,none,,none,,https://arco.fi/
arcte.it,none,,none,,https://arcte.it/
arcticsecurity.com,none,,none,,https://arcticsecurity.com/
arcus.tw,none,,none,,https://arcus.tw/
arkkancapital.com,none,,none,,https://arkkancapital.com/
arquati.it,none,,none,,https://arquati.it/
artebianca.com,none,,none,,https://artebianca.com/
artinenergy.com,none,,none,,https://artinenergy.com/
ascensus.com,none,,none,,https://ascensus.com/
asiamastertrade.co.kr,none,,none,,https://asiamastertrade.co.kr/
aspesi.com,none,,none,,https://aspesi.com/
assetintel.co,none,,none,,https://assetintel.co/
assistdigital.com,none,,none,,https://assistdigital.com/
assiteca.it,none,,none,,https://assiteca.it/
astehelsinki.fi,none,,none,,https://astehelsinki.fi/
asure.com.tw,unreachable,,unreachable,,
asymbio.com,none,,none,,https://asymbio.com/
atalco.com,none,,none,,https://atalco.com/
athletico.com,none,,none,,https://athletico.com/
athletics.com,none,,none,,https://athletics.com/
atlanticstars.it,none,,none,,https://atlanticstars.it/
atlasholdingsllc.com,unreachable,,unreachable,,
atlaspower.ai,none,,none,,https://atlaspower.ai/
atopwinding.com,none,,none,,https://atopwinding.com/
attido.com,none,,none,,https://attido.com/
attune.ai,none,,none,,https://attune.ai/
aurenity.com,none,,none,,https://aurenity.com/
aurorainfrastructure.com,none,,none,,https://aurorainfrastructure.com/
autire.com,none,,none,,https://autire.com/
autopass.xyz,none,,none,,https://autopass.xyz/
autoviapadana.it,none,,none,,https://autoviapadana.it/
avalara.com,none,,none,,https://avalara.com/
avalonhcs.com,none,,none,,https://avalonhcs.com/
averetx.com,none,,none,,https://averetx.com/
avidlyagency.com,none,,none,,https://avidlyagency.com/
axiomllc.com,none,,none,,https://axiomllc.com/
axiscare.com,none,,none,,https://axiscare.com/
axonicinsurance.com,none,,none,,https://axonicinsurance.com/
axtim.com,unreachable,,unreachable,,
azhideawaycollection.com,unreachable,,unreachable,,
azuria.com,none,,none,,https://azuria.com/
baekje.net,none,,none,,https://baekje.net/
balancehomes.com,none,,none,,https://balancehomes.com/
balconidolciaria.com,none,,none,,https://balconidolciaria.com/
balena.io,none,,none,,https://balena.io/
baltictank.fi,none,,none,,https://baltictank.fi/
bancasistema.it,none,,none,,https://bancasistema.it/
bancomat.it,none,,none,,https://bancomat.it/
banolimpizza.com,none,,none,,https://banolimpizza.com/
banyantreeresidencesbimini.com,none,,none,,https://banyantreeresidencesbimini.com/
barchemyllc.com,none,,none,,https://barchemyllc.com/
baysidemarinecorp.com,none,,none,,https://baysidemarinecorp.com/
bcbmedical.com,none,,none,,https://bcbmedical.com/
bdiexpress.com,none,,none,,https://bdiexpress.com/
beaconcom.com,none,,none,,https://beaconcom.com/
beesystrategy.com,none,,none,,https://beesystrategy.com/
bendonpub.com,none,,none,,https://bendonpub.com/
benefitsallin.com,none,,none,,https://benefitsallin.com/
bennie.com,none,,none,,https://bennie.com/
bentallgreenoak.com,none,,none,,https://bentallgreenoak.com/
bergerconsultinggroup.com,none,,none,,https://bergerconsultinggroup.com/
berobrewing.com,jwt,req:gsi_onetap,none,,https://berobrewing.com/
bertilshealth.fi,none,,none,,https://bertilshealth.fi/
bertoncellognocchi.com,none,,none,,https://bertoncellognocchi.com/
bestglass.fi,none,,none,,https://bestglass.fi/
betarenewables.com,none,,none,,https://betarenewables.com/
bettyblue.it,unreachable,,unreachable,,
beyondmusic.io,none,,none,,https://beyondmusic.io/
bianalisi.it,none,,none,,https://bianalisi.it/
bibliu.com,none,,none,,https://bibliu.com/
bigin.io,none,,none,,https://bigin.io/
biglakeslawncare.com,none,,none,,https://biglakeslawncare.com/
bigmamafood.co.kr,none,,none,,https://bigmamafood.co.kr/
biobijou.co.kr,none,,none,,https://biobijou.co.kr/
biofiltro.com,none,,none,,https://biofiltro.com/
bionobile.com,unreachable,,unreachable,,
bipwealth.com,none,,none,,https://bipwealth.com/
bisazza.com,none,,none,,https://bisazza.com/
bluediamond.gg,none,,none,,https://bluediamond.gg/
blueelephant.co,none,,none,,https://blueelephant.co/
bluwave.net,none,,none,,https://bluwave.net/
bo.fi,err,timeout,none,,
bobavida.com,none,,none,,https://bobavida.com/
bodyfriend.co.kr,err,timeout,none,,
boftel.com,none,,none,,https://boftel.com/
bonchon.com,none,,none,,https://bonchon.com/
boostllc.net,none,,none,,https://boostllc.net/
boryungbio.co.kr,none,,none,,https://boryungbio.co.kr/
bostongreencompany.com,none,,none,,https://bostongreencompany.com/
boulderimaging.com,none,,none,,https://boulderimaging.com/
bozzetto-group.com,none,,none,,https://bozzetto-group.com/
brandart.com,none,,none,,https://brandart.com/
bravo-savings-network.com,none,,none,,https://bravo-savings-network.com/
breezeway.io,unreachable,,unreachable,,
brooklynfi.com,none,,none,,https://brooklynfi.com/
brumbrum.it,none,,none,,https://brumbrum.it/
bubbledown.com,none,,none,,https://bubbledown.com/
buffalobiodiesel.com,none,,none,,https://buffalobiodiesel.com/
bugid.com,none,,none,,https://bugid.com/
buildingenergy.it,none,,none,,https://buildingenergy.it/
builtbygrid.com,none,,none,,https://builtbygrid.com/
burkeburke.com,none,,none,,https://burkeburke.com/
burns-group.com,none,,none,,https://burns-group.com/
bvtech.com,none,,none,,https://bvtech.com/
bwe.com,unreachable,,unreachable,,
ca-puccino.com,unreachable,,unreachable,,
cadica.com,none,,none,,https://cadica.com/
cadre-energy.com,none,,none,,https://cadre-energy.com/
caffitaly.com,none,,none,,
cagents.com,none,,none,,https://cagents.com/
cagliaricalcio.com,none,,none,,https://cagliaricalcio.com/
cal.net,none,,none,,https://cal.net/
calcfocus.com,none,,none,,https://calcfocus.com/
calltower.com,none,,none,,https://calltower.com/
caminettimontegrappa.it,none,,none,,https://caminettimontegrappa.it/
cammsys.net,none,,none,,https://cammsys.net/
canalroadgroup.com,none,,none,,https://canalroadgroup.com/
capeandcoast.com,none,,none,,https://capeandcoast.com/
cappellini.com,none,,none,,https://cappellini.com/
caprari.com,none,,none,,https://caprari.com/
capsugel.com,none,,none,,https://capsugel.com/
captiveradiology.com,unreachable,,unreachable,,
cardamom.health,none,,none,,https://cardamom.health/
careers.lifestyledesign.poltronafraugroup.com,unreachable,,unreachable,,
carelabs.co.kr,none,,none,,https://carelabs.co.kr/
carepoint.pharmacy,none,,none,,https://carepoint.pharmacy/
careyelectriccontracting.com,none,,none,,https://careyelectriccontracting.com/
caringtransitions.com,none,,none,,https://caringtransitions.com/
carnavi.com,none,,none,,https://carnavi.com/
carrotins.com,none,,none,,https://carrotins.com/
carson.live,jwt,req:response_type=id_token,none,,https://carson.live/
caruna.fi,none,,none,,https://caruna.fi/
cassina.com,none,,none,,https://cassina.com/
castfutura.com,unreachable,,unreachable,,
castorkey.com,none,,none,,https://castorkey.com/
catontechnology.com,none,,none,,https://catontechnology.com/
cavs.com,none,,none,,https://cavs.com/
cbcsettlementfunding.com,none,,none,,https://cbcsettlementfunding.com/
cbiz.com,none,,none,,https://cbiz.com/
cbmspa.com,none,,none,,https://cbmspa.com/
cei.it,unreachable,,unreachable,,
celeatx.com,none,,none,,https://celeatx.com/
cellrighttechnologies.com,none,,none,,https://cellrighttechnologies.com/
centradigital.com,none,,none,,https://centradigital.com/
centretechnologies.com,none,,none,,https://centretechnologies.com/
ceramicarondine.it,none,,none,,https://ceramicarondine.it/
cercaofficina.it,none,,none,,https://cercaofficina.it/
cervi.fi,none,,none,,https://cervi.fi/
cf.com,none,,microsoft_candidate,js:msal_or_msonline_wiring,https://cf.com/
cfoselections.com,none,,none,,https://cfoselections.com/
chameleonlimited.com,none,,none,,https://chameleonlimited.com/
championsafe.com,none,,none,,https://championsafe.com/
chartwellfa.com,none,,none,,https://chartwellfa.com/
chess.com,code,req:response_type=code,none,,https://chess.com/
chinatopgrade.com,unreachable,,unreachable,,
chromavis.com,unreachable,,unreachable,,
chronograph.pe,none,,none,,https://chronograph.pe/
churchs.com,none,,none,,https://churchs.com/
cigierre.com,none,,none,,https://cigierre.com/
circadence.com,none,,microsoft_candidate,js:msal_or_msonline_wiring,https://circadence.com/
citadelehs.com,none,,none,,https://citadelehs.com/
cjfoodville.co.kr,none,,none,,https://cjfoodville.co.kr/
ckc.com.tw,none,,none,,https://ckc.com.tw/
claimify.com,unreachable,,unreachable,,
claimsbridge.com,none,,none,,https://claimsbridge.com/
classicfinefoods.com,none,,none,,https://classicfinefoods.com/
cleanboss.co,none,,none,,https://cleanboss.co/
cleanteamclean.com,none,,none,,https://cleanteamclean.com/
cleantopia.com,none,,none,,https://cleantopia.com/
cleardefensepest.com,none,,none,,https://cleardefensepest.com/
cleco.com,none,,none,,https://cleco.com/
clementinescreamery.com,none,,none,,https://clementinescreamery.com/
cleverse.it,none,,none,,https://cleverse.it/
climalock.com,none,,none,,https://climalock.com/
climatefirstbank.com,none,,none,,https://climatefirstbank.com/
climb.ai,none,,none,,https://climb.ai/
clio.co.kr,unreachable,,unreachable,,
cloyes.com,none,,none,,
clxeurope.com,none,,none,,https://clxeurope.com/
cmcmachinery.com,unreachable,,unreachable,,
cmcsolutions.com,none,,none,,https://cmcsolutions.com/
cmtelematics.com,none,,none,,https://cmtelematics.com/
cn-innovations.com,none,,none,,https://cn-innovations.com/
cndlifesciences.com,none,,none,,https://cndlifesciences.com/
co-engineering.fi,none,,none,,https://co-engineering.fi/
coasia.com,none,,none,,https://coasia.com/
coatingplace.com,none,,none,,https://coatingplace.com/
cobra-group.com,none,,none,,
cocoonbeat.com,unreachable,,unreachable,,
codis.com,none,,none,,https://codis.com/
cohl.hk,unreachable,,unreachable,,
coinone.co.kr,none,,none,,https://coinone.co.kr/
cold-linklogistics.com,code,req:response_type=code,none,,https://cold-linklogistics.com/
collegeplannerpro.com,none,,none,,https://collegeplannerpro.com/
commissioningagents.com,none,,none,,https://commissioningagents.com/
comp-utility.com,none,,none,,https://comp-utility.com/
company.findhelp.com,none,,none,,https://company.findhelp.com/
completeproductionresources.com,none,,none,,https://completeproductionresources.com/
computomic.com,none,,none,,https://computomic.com/
confluencefp.com,none,,none,,https://confluencefp.com/
conifers.ai,none,,none,,https://conifers.ai/
connectbase.com,none,,none,,https://connectbase.com/
constantcontact.com,none,,none,,https://constantcontact.com/
consti.fi,none,,none,,https://consti.fi/
contentllc.com,none,,none,,https://contentllc.com/
contrispumanti.com,none,,none,,https://contrispumanti.com/
controlup.com,none,,none,,https://controlup.com/
contruent.com,none,,none,,https://contruent.com/
cookys.com.tw,unreachable,,unreachable,,
coolcold.com.tw,none,,none,,https://coolcold.com.tw/
copperandkings.com,none,,none,,https://copperandkings.com/
cordobacorp.com,none,,none,,https://cordobacorp.com/
coreplast.fi,none,,none,,https://coreplast.fi/
coronaria.fi,none,,none,,https://coronaria.fi/
corp.corestream.com,none,,none,,https://corp.corestream.com/
corporate.dynacart.com,none,,none,,https://corporate.dynacart.com/
cosmelux.it,none,,none,,https://cosmelux.it/
countrythunder.com,none,,none,,https://countrythunder.com/
courtreserve.com,code,req:response_type=code,none,,https://courtreserve.com/
covisian.com,none,,none,,https://covisian.com/
coxa.fi,none,,none,,https://coxa.fi/
cpl.it,none,,none,,
crafter.ai,none,,none,,https://crafter.ai/
cranecapital.com,none,,none,,https://cranecapital.com/
createmusicgroup.com,none,,none,,https://createmusicgroup.com/
creditkey.com,none,,none,,https://creditkey.com/
cresa.com,none,,none,,https://cresa.com/
creweadvisors.com,none,,none,,https://creweadvisors.com/
crossriver.com,none,,none,,https://crossriver.com/
crownworldwide.com,none,,none,,https://crownworldwide.com/
crucialtec.com,none,,none,,https://crucialtec.com/
crunch.com,none,,none,,https://crunch.com/
cs-bearing.co.kr,none,,none,,https://cs-bearing.co.kr/
cse.is,none,,none,,https://cse.is/
custofab.com,none,,none,,https://custofab.com/
customflavors.com,none,,none,,https://customflavors.com/
cyberdigm.co.kr,none,,none,,https://cyberdigm.co.kr/
databricks.com,token_candidate,js:initTokenClient_call(no_literal_client_id),microsoft,req:ms_redirect,https://databricks.com/
datavant.com,none,,none,,https://datavant.com/
davittorio.com,none,,none,,https://davittorio.com/
daymarkwealthpartners.com,none,,none,,https://daymarkwealthpartners.com/
dbcon.dongbu.co.kr,none,,none,,https://dbcon.dongbu.co.kr/
dealerware.com,none,,none,,https://dealerware.com/
dealhub.io,jwt,req:response_type=id_token,none,,https://dealhub.io/
dealmaker.tech,code,req:response_type=code,none,,https://dealmaker.tech/
dear-u.co,none,,none,,https://dear-u.co/
dedastealth.com,none,,none,,https://dedastealth.com/
deenova.com,none,,none,,https://deenova.com/
deepfission.com,none,,none,,https://deepfission.com/
defonseca.com,none,,none,,https://defonseca.com/
delete.fi,none,,none,,https://delete.fi/
delfinmidstream.com,none,,none,,https://delfinmidstream.com/
delphinus.com,none,,none,,https://delphinus.com/
dennys.com,none,,none,,https://dennys.com/
dentira.com,none,,microsoft_candidate,js:msal_or_msonline_wiring,https://dentira.com/
deploy.co,none,,none,,https://deploy.co/
designsforhealth.com,none,,none,,https://designsforhealth.com/
destaclean.fi,none,,none,,https://destaclean.fi/
dewytree.com,none,,none,,https://dewytree.com/
dhcrane.com,none,,none,,https://dhcrane.com/
diagramgroup.it,none,,none,,
diamondprecision.com,none,,none,,https://diamondprecision.com/
diatechpharmacogenetics.com,none,,none,,https://diatechpharmacogenetics.com/
dicorp.co.kr,none,,none,,https://dicorp.co.kr/
dierre.eu,none,,none,,https://dierre.eu/
diningcode.com,none,,none,,https://diningcode.com/
diponiocontracting.com,none,,none,,https://diponiocontracting.com/
diquigiovanni.it,none,,none,,https://diquigiovanni.it/
disauranium.com,none,,none,,https://disauranium.com/
divergeit.com,none,,microsoft_candidate,js:msal_or_msonline_wiring,https://divergeit.com/
diverzify.com,none,,none,,https://diverzify.com/
dlcmgmt.com,none,,none,,https://dlcmgmt.com/
dnfsolution.com,none,,none,,https://dnfsolution.com/
docgenerici.it,unreachable,,unreachable,,
dockwa.com,none,,none,,https://dockwa.com/
dolciariavaldenza.it,unreachable,,unreachable,,
dongwooenm.com,unreachable,,unreachable,,
doosanrobotics.com,none,,none,,https://doosanrobotics.com/
dosi.world,unreachable,,unreachable,,
dossier.co,err,timeout,none,,
drinkprotein2o.com,none,,none,,https://drinkprotein2o.com/
drogheria.com,none,,none,,https://drogheria.com/
dschem.com,none,,none,,https://dschem.com/
ducati.com,none,,none,,https://ducati.com/
duell.fi,none,,none,,https://duell.fi/
dukeunoil.com,none,,none,,https://dukeunoil.com/
duplomatic.com,unreachable,,unreachable,,
durationgroup.com,none,,none,,https://durationgroup.com/
duraventgroup.com,none,,none,,https://duraventgroup.com/
duxpaint.com,none,,none,,https://duxpaint.com/
dycmsolarmodules.com,none,,none,,https://dycmsolarmodules.com/
dynastyfinancialpartners.com,none,,none,,https://dynastyfinancialpartners.com/
eastrangegroup.com,none,,none,,https://eastrangegroup.com/
easybox.it,none,,none,,https://easybox.it/
easywelfare.com,none,,none,,https://easywelfare.com/
eating-out.co,none,,none,,https://eating-out.co/
eatonfiber.com,none,,none,,https://eatonfiber.com/
ebgas.it,none,,none,,https://ebgas.it/
ec.workinghouse.com.tw,unreachable,,unreachable,,
echorealty.com,none,,none,,https://echorealty.com/
eciscosmetic.co.kr,unreachable,,unreachable,,
eco-ceres.com,unreachable,,unreachable,,
ecorbit.com,unreachable,,unreachable,,
ecosystems.io,err,timeout,none,,
ecscable.com,none,,none,,https://ecscable.com/
edenredpay.com,none,,none,,https://edenredpay.com/
edgc.com,none,,none,,https://edgc.com/
edgeconnex.com,none,,none,,https://edgeconnex.com/
edgefocuspartners.com,none,,none,,https://edgefocuspartners.com/
edgehomefinance.com,none,,none,,https://edgehomefinance.com/
edulog.com,none,,none,,https://edulog.com/
egea.it,none,,none,,https://egea.it/
ekokuljetus.fi,none,,none,,https://ekokuljetus.fi/
eland.co.kr,none,,none,,https://eland.co.kr/
elara.com,none,,none,,https://elara.com/
elasticinterface.com,none,,none,,https://elasticinterface.com/
electricentertainment.com,none,,none,,https://electricentertainment.com/
elemaster.com,none,,none,,https://elemaster.com/
elementcritical.com,unreachable,,unreachable,,
elettrostudio.it,none,,none,,https://elettrostudio.it/
eleveno.com,none,,none,,https://eleveno.com/
elmutility.com,none,,none,,https://elmutility.com/
elti.it,none,,none,,https://elti.it/
emergentsoftware.net,none,,microsoft,req:ms_redirect,https://emergentsoftware.net/
emmeti.com,none,,none,,https://emmeti.com/
enavate.com,none,,none,,https://enavate.com/
energycap.com,none,,none,,https://energycap.com/
eng.osangjaiel.co.kr,unreachable,,unreachable,,
engenome.com,none,,none,,https://engenome.com/
enhancell.com,none,,none,,https://enhancell.com/
enmac.fi,code,req:response_type=code,none,,https://enmac.fi/
ennov.com,none,,none,,https://ennov.com/
ennova.it,none,,none,,https://ennova.it/
enrollhere.com,none,,none,,https://enrollhere.com/
ensemblehp.com,none,,none,,https://ensemblehp.com/
enuri.com,none,,none,,https://enuri.com/
envocore.com,none,,none,,https://envocore.com/
envuemed.com,none,,none,,https://envuemed.com/
epassi.com,none,,none,,https://epassi.com/
epassi.fi,none,,none,,https://epassi.fi/
epicautokoulu.fi,none,,none,,https://epicautokoulu.fi/
epowerrail.com,none,,none,,https://epowerrail.com/
eraspares.com,unreachable,,unreachable,,
ergms.com,none,,none,,https://ergms.com/
ergo.net,none,,none,,https://ergo.net/
eriestrayer.com,none,,none,,https://eriestrayer.com/
esakuokka.fi,none,,none,,https://esakuokka.fi/
esperi.fi,none,,none,,https://esperi.fi/
essentialvetpartners.com,none,,none,,https://essentialvetpartners.com/
estsecurity.com,none,,none,,https://estsecurity.com/
esunbank.com.tw,unreachable,,unreachable,,
etechsystem.co.kr,none,,none,,https://etechsystem.co.kr/
eurochefitalia.com,none,,none,,https://eurochefitalia.com/
eurochiller.com,none,,none,,https://eurochiller.com/
evaglobal.com,none,,none,,https://evaglobal.com/
evantia.fi,none,,none,,https://evantia.fi/
everfortunehk.com,unreachable,,unreachable,,
everon.fi,none,,none,,https://everon.fi/
everywherecomms.com,none,,none,,https://everywherecomms.com/
excelleragroup.com,none,,none,,https://excelleragroup.com/
eximia.it,none,,none,,
experiencearc.com,none,,none,,https://experiencearc.com/
faccingroup.com,none,,none,,
facile.it,unreachable,,unreachable,,
factorlab.com,unreachable,,unreachable,,
falascamechanical.com,none,,none,,https://falascamechanical.com/
faram.com,none,,none,,https://faram.com/
farmo.com,none,,none,,
farmos.com,none,,none,,https://farmos.com/
fassto.ai,none,,none,,
fastspring.com,code,req:response_type=code,none,,https://fastspring.com/
federalec.com,unreachable,,unreachable,,
fedrigoni.com,none,,none,,
fellowhealthpartners.com,none,,none,,https://fellowhealthpartners.com/
ferrettigroup.com,none,,none,,https://ferrettigroup.com/
feverup.com,token,req:response_type=token,none,,
ffg.com.tw,none,,none,,https://ffg.com.tw/
fieldflo.com,none,,none,,https://fieldflo.com/
fieldpointprivate.com,none,,none,,https://fieldpointprivate.com/
fileandservexpress.com,none,,none,,https://fileandservexpress.com/
filippodelaurentiis.it,err,timeout,none,,
filmedia.com,none,,none,,https://filmedia.com/
filoblu.com,none,,none,,https://filoblu.com/
finantix.com,unreachable,,unreachable,,
fincontinuo.com,none,,none,,https://fincontinuo.com/
findd.ai,none,,none,,
finelcomp.fi,none,,none,,https://finelcomp.fi/
finlaysonshop.com,jwt_candidate,js:gis_id_wiring,none,,https://finlaysonshop.com/
finncont.com,none,,none,,https://finncont.com/
finnlamex.fi,none,,none,,https://finnlamex.fi/
fiocchi.com,none,,none,,https://fiocchi.com/
firmprospects.com,code,req:response_type=code,microsoft_candidate,visible_ms_button(text),https://firmprospects.com/
fishermp.com,none,,none,,https://fishermp.com/
fivepointsproductionservices.com,none,,none,,https://fivepointsproductionservices.com/
flash-rite.us,unreachable,,unreachable,,
flexcil.com,unreachable,,unreachable,,
flextecs.com,none,,none,,https://flextecs.com/
flowserve.com,none,,none,,https://flowserve.com/
flputnam.com,none,,none,,https://flputnam.com/
fluidstack.io,none,,none,,https://fluidstack.io/
flyntlok.com,none,,none,,https://flyntlok.com/
focaltech-electronics.com,none,,none,,https://focaltech-electronics.com/
fondofsi.it,none,,none,,
forceelect.com,none,,none,,https://forceelect.com/
forestali.com,unreachable,,unreachable,,
foreverhealthy.com.tw,none,,none,,https://foreverhealthy.com.tw/
forexchange.it,none,,none,,https://forexchange.it/
forgital.com,none,,none,,
fornodasolo.it,none,,none,,https://fornodasolo.it/
frameryacoustics.com,none,,none,,https://frameryacoustics.com/
franchetti.tech,none,,none,,https://franchetti.tech/
fresh.fi,none,,none,,https://fresh.fi/
frette.it,unreachable,,unreachable,,
friem.com,none,,none,,https://friem.com/
friulair.com,none,,none,,https://friulair.com/
fruitist.com,none,,none,,https://fruitist.com/
fs-technology.com,none,,none,,https://fs-technology.com/
fsgroup.com,unreachable,,unreachable,,
fsm.it,none,,none,,https://fsm.it/
fsstechnologies.com,none,,none,,https://fsstechnologies.com/
fundedbyme.com,code,req:response_type=code,none,,https://fundedbyme.com/
futronic.co.kr,unreachable,,unreachable,,
fysiosporttis.fi,unreachable,,unreachable,,
galena.fi,none,,none,,https://galena.fi/
gallatinpoint.com,none,,none,,https://gallatinpoint.com/
galt.aero,none,,none,,https://galt.aero/
gampack.com,none,,none,,https://gampack.com/
gardacp.com,unreachable,,unreachable,,
gastronomiatoscana.it,none,,none,,https://gastronomiatoscana.it/
gbmbanca.it,unreachable,,unreachable,,
gdkcosmetics.com,none,,none,,https://gdkcosmetics.com/
gdsassociates.com,unreachable,,unreachable,,
gelit.it,none,,none,,https://gelit.it/
geniem.fi,none,,none,,https://geniem.fi/
gens-aurea.it,none,,none,,https://gens-aurea.it/
geotg.com,none,,none,,https://geotg.com/
getreba.com,none,,none,,https://getreba.com/
gff.it,none,,none,,https://gff.it/
gfm247.com,none,,none,,https://gfm247.com/
gigavis.com,none,,none,,https://gigavis.com/
gimi.eu,unreachable,,unreachable,,
giorgettimeda.com,none,,none,,https://giorgettimeda.com/
giorgiomare.it,none,,none,,
giplast.it,none,,none,,https://giplast.it/
gissah.com,none,,none,,
gmlx.us.com,none,,none,,https://gmlx.us.com/
gmtexploration.com,none,,none,,https://gmtexploration.com/
gmweldingsupply.com,none,,none,,https://gmweldingsupply.com/
goavant.net,none,,none,,https://goavant.net/
gocareflow.com,none,,none,,https://gocareflow.com/
gochabar.com,unreachable,,unreachable,,
gocharting.com,code,req:response_type=code,none,,https://gocharting.com/
gogolook.com,none,,none,,https://gogolook.com/
goldstate.com,none,,none,,https://goldstate.com/
goldtreestudios.com,none,,none,,https://goldtreestudios.com/
gondolatriveneto.com,none,,none,,https://gondolatriveneto.com/
gong-cha.com,none,,none,,https://gong-cha.com/
goodai-global.com,unreachable,,unreachable,,
goodculture.com,none,,none,,https://goodculture.com/
goodearth55.com,none,,none,,https://goodearth55.com/
goodmood.fi,unreachable,,unreachable,,
gosteelhead.com,none,,none,,https://gosteelhead.com/
govini.com,none,,none,,https://govini.com/
grafichepizzi.it,none,,none,,https://grafichepizzi.it/
granlund.fi,none,,none,,https://granlund.fi/
gravie.com,none,,none,,https://gravie.com/
greencar.co.kr,unreachable,,unreachable,,
greenpeak.com.tw,none,,none,,https://greenpeak.com.tw/
greenthesisgroup.com,none,,none,,
greenwoodgearhart.com,none,,none,,https://greenwoodgearhart.com/
gridcompany.com,none,,none,,https://gridcompany.com/
group.humancompany.com,none,,none,,https://group.humancompany.com/
growthloop.com,none,,none,,https://growthloop.com/
gruppoargenta.it,none,,none,,https://gruppoargenta.it/
gruppocamfin.it,unreachable,,unreachable,,
gruppodolomitienergia.it,none,,none,,https://gruppodolomitienergia.it/
gruppowasteitalia.it,none,,none,,https://gruppowasteitalia.it/
gsib.com,none,,none,,https://gsib.com/
gsitm.com,none,,none,,https://gsitm.com/
gtindependence.com,none,,none,,https://gtindependence.com/
guardianfleetservice.com,none,,none,,https://guardianfleetservice.com/
guardianpropane.com,none,,none,,https://guardianpropane.com/
guidearch.com,none,,none,,https://guidearch.com/
gulfcoastmidstream.com,none,,none,,https://gulfcoastmidstream.com/
gulftexenergy.com,none,,none,,https://gulftexenergy.com/
halti.com,none,,none,,https://halti.com/
hansoll.com,none,,none,,https://hansoll.com/
hanwhasystems.com,unreachable,,unreachable,,
happy.co,none,,none,,https://happy.co/
happycall.kr,none,,none,,https://happycall.kr/
harborviewprivate.com,none,,none,,https://harborviewprivate.com/
harmontblaine.com,none,,none,,https://harmontblaine.com/
harrell-fish.com,none,,none,,https://harrell-fish.com/
harvestgroup.com,none,,none,,https://harvestgroup.com/
hauschco.com,none,,none,,https://hauschco.com/
havator.com,none,,none,,https://havator.com/
hawklineconstruction.com,none,,none,,https://hawklineconstruction.com/
hbfacility.com,none,,none,,https://hbfacility.com/
hbkcpa.com,none,,none,,https://hbkcpa.com/
healthwaregroup.com,none,,none,,https://healthwaregroup.com/
heidrick.com,none,,none,,https://heidrick.com/
heliogrp.com,none,,none,,https://heliogrp.com/
hellodi.it,none,,none,,https://hellodi.it/
hermiagroup.fi,none,,none,,https://hermiagroup.fi/
herrmans.eu,none,,none,,https://herrmans.eu/
hibachiworldwide.com,unreachable,,unreachable,,
hibob.com,code,req:response_type=code,none,,https://hibob.com/
hiii.com.tw,none,,none,,https://hiii.com.tw/
hill-assoc.com,code,req:response_type=code,none,,https://hill-assoc.com/
hivron.com,unreachable,,unreachable,,
hk970.com,none,,none,,https://hk970.com/
hkmmr.com,unreachable,,unreachable,,
hlcast.co.kr,unreachable,,unreachable,,
hnh.it,none,,none,,https://hnh.it/
hntelec.com,unreachable,,unreachable,,
hogfors.com,none,,none,,https://hogfors.com/
hogsheadspouter.com,unreachable,,unreachable,,
hologic.com,none,,none,,https://hologic.com/
hometap.com,code,req:response_type=code,none,,https://hometap.com/
honeymoon-dessert.com,unreachable,,unreachable,,
horwitzllc.com,none,,none,,https://horwitzllc.com/
hostaway.com,none,,none,,https://hostaway.com/
howdyhomemade.com,none,,none,,https://howdyhomemade.com/
hsdengine.com,unreachable,,unreachable,,
hsecure.co.kr,none,,none,,https://hsecure.co.kr/
hstpathways.com,none,,none,,https://hstpathways.com/
humans.tech,none,,none,,https://humans.tech/
huntercapitalmanagement.com,none,,none,,https://huntercapitalmanagement.com/
hunterpointcapital.com,none,,none,,https://hunterpointcapital.com/
hydroline.fi,none,,none,,https://hydroline.fi/
hydrovoima.com,unreachable,,unreachable,,
hyperionbank.com,none,,none,,https://hyperionbank.com/
iafstore.com,code,req:response_type=code,none,,https://iafstore.com/
iba.aero,none,,none,,https://iba.aero/
ibaset.com,none,,none,,https://ibaset.com/
icqholdingspa.com,unreachable,,unreachable,,
ideapro.com.tw,unreachable,,unreachable,,
identity.digital,none,,none,,https://identity.digital/
idragroup.com,none,,none,,https://idragroup.com/
idsmed.com,none,,none,,https://idsmed.com/
iesitaliana.it,unreachable,,unreachable,,
igms.com.tw,unreachable,,unreachable,,
ignium.com,none,,none,,https://ignium.com/
ilbisonte.com,none,,none,,https://ilbisonte.com/
illumisglobal.com,none,,none,,https://illumisglobal.com/
illy.com,none,,microsoft_candidate,js:msal_or_msonline_wiring,https://illy.com/
imacorp.com,none,,none,,https://imacorp.com/
imagon.com,none,,none,,https://imagon.com/
imprima.group,none,,none,,https://imprima.group/
inburstmedia.com,none,,none,,https://inburstmedia.com/
indhq.com,none,,none,,https://indhq.com/
infocert.digital,none,,none,,https://infocert.digital/
inno-n.com,none,,none,,
inno-wave.co.kr,none,,none,,
innoflame.fi,none,,none,,https://innoflame.fi/
innovativegummies.com,err,timeout,none,,
inspecta.fi,none,,none,,https://inspecta.fi/
inspectorio.com,unreachable,,unreachable,,
instoretech.com,none,,none,,https://instoretech.com/
integradm.it,none,,none,,https://integradm.it/
intelligentlocations.io,none,,none,,https://intelligentlocations.io/
intercos.com,none,,none,,https://intercos.com/
internionline.it,none,,none,,https://internionline.it/
interos.ai,none,,none,,https://interos.ai/
interprose.com,unreachable,,unreachable,,
intl.thisisneverthat.com,none,,none,,https://intl.thisisneverthat.com/
intrauma.com,none,,none,,https://intrauma.com/
invisiblenarratives.com,none,,none,,https://invisiblenarratives.com/
ioausa.com,none,,none,,https://ioausa.com/
ionptnetwork.com,none,,none,,https://ionptnetwork.com/
ip-co.net,none,,none,,
ipcworldwide.com,none,,none,,https://ipcworldwide.com/
iplom.it,none,,none,,https://iplom.it/
is-benefits.com,unreachable,,unreachable,,
isdongseo.co.kr,none,,none,,https://isdongseo.co.kr/
ismg.io,none,,none,,https://ismg.io/
isoclimagroup.com,none,,none,,https://isoclimagroup.com/
italtel.com,none,,none,,https://italtel.com/
itelyum.com,none,,none,,https://itelyum.com/
itpipes.com,none,,none,,https://itpipes.com/
itspleinair.com,none,,none,,https://itspleinair.com/
itswell.com,none,,none,,https://itswell.com/
ivdholding.com,none,,none,,https://ivdholding.com/
ivsitalia.com,none,,none,,https://ivsitalia.com/
ivybrookacademy.com,none,,none,,https://ivybrookacademy.com/
iware.com.tw,none,,none,,https://iware.com.tw/
j-k-group.com,none,,none,,
januspharmacy.com,none,,none,,https://januspharmacy.com/
japanhome.com.hk,unreachable,,unreachable,,
jeilhyd.co.kr,none,,none,,
jie-heng.com.tw,unreachable,,unreachable,,
jinher.com.tw,none,,none,,https://jinher.com.tw/
jl-levytekniikka.fi,none,,none,,https://jl-levytekniikka.fi/
jobkorea.co.kr,jwt,req:response_type=id_token,none,,https://jobkorea.co.kr/
joymax.com,none,,none,,https://joymax.com/
jpdonovan.com,none,,none,,https://jpdonovan.com/
jsmbeauty.com,none,,none,,
jsmediatw.com,none,,none,,https://jsmediatw.com/
juice.co.kr,unreachable,,unreachable,,
juristat.com,none,,none,,https://juristat.com/
justia.co.kr,none,,none,,https://justia.co.kr/
k1x.io,none,,none,,https://k1x.io/
kahua.com,none,,none,,https://kahua.com/
kakao-m.com,unreachable,,unreachable,,
kakaobank.com,none,,none,,https://kakaobank.com/
kakaoent.com,none,,none,,https://kakaoent.com/
kalustyan.com,none,,none,,https://kalustyan.com/
kamrock.fi,none,,none,,https://kamrock.fi/
kamux.fi,none,,none,,https://kamux.fi/
kansaslaboratories.com,unreachable,,unreachable,,
kantolanpaalutus.fi,unreachable,,unreachable,,
karpel.com,unreachable,,unreachable,,
kas-telineet.fi,none,,none,,https://kas-telineet.fi/
kaufmanit.com,none,,none,,https://kaufmanit.com/
kdc.earth,none,,none,,https://kdc.earth/
keenwealthadvisors.com,none,,none,,https://keenwealthadvisors.com/
kerheung.com,unreachable,,unreachable,,
kermitppi.com,none,,none,,https://kermitppi.com/
keycontainercorp.com,none,,none,,https://keycontainercorp.com/
keyfactor.com,none,,none,,https://keyfactor.com/
keynes.com,jwt_candidate,js:gis_id_wiring,none,,https://keynes.com/
kfchk.com,none,,none,,https://kfchk.com/
kgdarchitecture.com,unreachable,,unreachable,,
kidstrong.com,none,,none,,https://kidstrong.com/
kinetikasardegna.it,none,,none,,https://kinetikasardegna.it/
kingsview.com,none,,none,,https://kingsview.com/
kipsu.com,none,,none,,https://kipsu.com/
kireygroup.com,none,,none,,https://kireygroup.com/
kirfoods.com,none,,none,,https://kirfoods.com/
kkbox.com,none,,none,,https://kkbox.com/
kleankorea.co.kr,none,,none,,https://kleankorea.co.kr/
kleannara.co.kr,none,,none,,https://kleannara.co.kr/
kmmgrp.com,none,,none,,https://kmmgrp.com/
knj.kr,none,,none,,https://knj.kr/
kobaltmusic.com,none,,none,,https://kobaltmusic.com/
kokam.com,none,,none,,https://kokam.com/
kolonwe.com,unreachable,,unreachable,,
kore.ai,none,,none,,https://kore.ai/
kosgroup.com,none,,none,,https://kosgroup.com/
krambu.com,none,,none,,https://krambu.com/
kreate.fi,none,,none,,https://kreate.fi/
krilogy.com,none,,none,,https://krilogy.com/
kteco.co.kr,unreachable,,unreachable,,
kulfibeauty.com,none,,none,,https://kulfibeauty.com/
kuvare.com,none,,none,,https://kuvare.com/
lafert.com,none,,none,,https://lafert.com/
laftel.net,none,,none,,https://laftel.net/
lahikauppa.fi,unreachable,,unreachable,,
lalalandkindcafe.com,none,,none,,https://lalalandkindcafe.com/
lampogas.it,none,,none,,https://lampogas.it/
landscapeendeavors.com,none,,none,,https://landscapeendeavors.com/
leadingreach.com,unreachable,,unreachable,,
leafspringschool.com,unreachable,,unreachable,,
leandna.com,none,,none,,https://leandna.com/
leanware.fi,none,,none,,https://leanware.fi/
leapspace.one,none,,none,,https://leapspace.one/
learnwellservices.com,none,,none,,https://learnwellservices.com/
leftlaneautollc.com,none,,none,,https://leftlaneautollc.com/
legenthealth.com,none,,none,,https://legenthealth.com/
legiblepolicy.com,none,,none,,https://legiblepolicy.com/
lempi.fi,none,,none,,https://lempi.fi/
level99.com,none,,none,,https://level99.com/
lexxelgroup.com,none,,none,,https://lexxelgroup.com/
lezhinus.com,code,req:response_type=code,none,,https://lezhinus.com/
lflogistics.com,unreachable,,unreachable,,
lgs.cn,none,,none,,https://lgs.cn/
lifelink.com.tw,none,,none,,
lifesciencemarketresearch.com,none,,none,,https://lifesciencemarketresearch.com/
ligabue.it,none,,none,,https://ligabue.it/
lightenupinc.com,none,,none,,https://lightenupinc.com/
lighthousedatacenters.com,none,,none,,https://lighthousedatacenters.com/
lightningstep.com,none,,none,,https://lightningstep.com/
liikku.fi,none,,none,,https://liikku.fi/
liminalenergy.co,none,,none,,https://liminalenergy.co/
limoni.it,none,,none,,https://limoni.it/
line.games,none,,none,,https://line.games/
linestudio.com,none,,none,,https://linestudio.com/
lineusmed.com,none,,none,,https://lineusmed.com/
linterform.it,none,,none,,https://linterform.it/
list-group.com,none,,microsoft_candidate,js:msal_or_msonline_wiring,https://list-group.com/
lmgroup.us,none,,none,,https://lmgroup.us/
localboyoutfitters.com,none,,none,,https://localboyoutfitters.com/
loimaankivi.fi,none,,none,,https://loimaankivi.fi/
longtailhealth.com,none,,none,,https://longtailhealth.com/
loppinetjean.net,none,,none,,https://loppinetjean.net/
lorenzinet.com,none,,none,,https://lorenzinet.com/
lorom.com,unreachable,,unreachable,,
lostacos1.com,none,,none,,https://lostacos1.com/
lotte.co.kr,none,,none,,https://lotte.co.kr/
lotteins.co.kr,unreachable,,unreachable,,
lsautomotive.com,none,,none,,https://lsautomotive.com/
lsmaterials.co.kr,none,,none,,
lspedia.com,code,req:response_type=code,none,,https://lspedia.com/
lucianobarbera.com,none,,none,,https://lucianobarbera.com/
luisaviaroma.com,none,,none,,https://luisaviaroma.com/
lumatehealth.com,none,,none,,https://lumatehealth.com/
lumene.com,none,,none,,https://lumene.com/
lumindigital.com,none,,none,,https://lumindigital.com/
lumson.com,unreachable,,unreachable,,
luneurpark.it,unreachable,,unreachable,,
luxentertainment.com,none,,none,,https://luxentertainment.com/
machinesciences.com,none,,none,,https://machinesciences.com/
magicleap.com,none,,none,,https://magicleap.com/
makeus.com,none,,none,,https://makeus.com/
marwoodgroup.com,none,,none,,https://marwoodgroup.com/
mascarene.com,none,,none,,https://mascarene.com/
maserati.com,none,,none,,https://maserati.com/
masi.it,none,,none,,https://masi.it/
masterpieceintl.com,none,,none,,https://masterpieceintl.com/
matic.com,none,,none,,https://matic.com/
maticmind.it,none,,none,,https://maticmind.it/
matterfamilyoffice.com,none,,none,,https://matterfamilyoffice.com/
mattioli.it,token,js:initTokenClient_call+client_id,none,,https://mattioli.it/
maxwellpower.com,none,,none,,https://maxwellpower.com/
mbsmediacampus.com,none,,none,,https://mbsmediacampus.com/
mccinnovations.com,none,,none,,https://mccinnovations.com/
mcclabel.com,none,,none,,https://mcclabel.com/
mccoyroofing.com,none,,microsoft_candidate,js:msal_or_msonline_wiring,https://mccoyroofing.com/
mcdonalds.com.hk,none,,none,,https://mcdonalds.com.hk/
mclarens.com,none,,none,,https://mclarens.com/
mdcdatacenters.com,none,,none,,https://mdcdatacenters.com/
mecaer.com,none,,none,,https://mecaer.com/
medallia.com,none,,none,,https://medallia.com/
medbase.fi,none,,none,,https://medbase.fi/
mediandiagnostics.com,none,,none,,https://mediandiagnostics.com/
medicinaltechnologies.com,none,,none,,https://medicinaltechnologies.com/
mediconsult.fi,none,,none,,https://mediconsult.fi/
medicoson.com,none,,none,,https://medicoson.com/
mediprodirect.com,none,,none,,https://mediprodirect.com/
megazone.com,none,,none,,https://megazone.com/
mehilainen.fi,none,,none,,https://mehilainen.fi/
melitagroup.com,none,,none,,https://melitagroup.com/
memdental.com,none,,none,,https://memdental.com/
mentaritx.com,none,,none,,https://mentaritx.com/
meperia.com,none,,none,,https://meperia.com/
meridianlink.com,none,,none,,https://meridianlink.com/
merieuxnutrisciences.com,unreachable,,unreachable,,
meritrestorations.com,none,,none,,https://meritrestorations.com/
merivaara.com,none,,none,,https://merivaara.com/
metalcastello.com,none,,none,,https://metalcastello.com/
metanet.co.kr,none,,none,,https://metanet.co.kr/
metasanfelice.it,none,,none,,
metroeastinc.com,none,,none,,https://metroeastinc.com/
mgt.us,unreachable,,unreachable,,
miasiagroup.com,none,,none,,https://miasiagroup.com/
microgame.it,none,,none,,
midagon.com,none,,none,,https://midagon.com/
midstreamvalve.com,none,,none,,https://midstreamvalve.com/
mikeva.fi,unreachable,,unreachable,,
millefili.com,none,,none,,https://millefili.com/
minigate.net,none,,none,,https://minigate.net/
minishtech.com,none,,none,,https://minishtech.com/
mino.fi,none,,none,,https://mino.fi/
mint.ai,jwt_candidate,js:gis_id_wiring,microsoft_candidate,js:msal_or_msonline_wiring,https://mint.ai/
mionetto.com,none,,none,,https://mionetto.com/
mios-esolutions.com,unreachable,,unreachable,,
mipharm.it,none,,none,,
miradore.com,none,,microsoft_candidate,visible_ms_button(text),https://miradore.com/
mission-bbq.com,unreachable,,unreachable,,
missioncriticalgroup.com,none,,none,,https://missioncriticalgroup.com/
mlb.com,none,,none,,https://mlb.com/
mn-nh.com,none,,none,,https://mn-nh.com/
moburst.com,none,,none,,https://moburst.com/
modo.com,none,,none,,https://modo.com/
modulardevices.com,none,,none,,https://modulardevices.com/
mofas.io,none,,none,,https://mofas.io/
momentumls.com,none,,none,,https://momentumls.com/
momogood.com,none,,none,,https://momogood.com/
monat.com,none,,none,,https://monat.com/
monitorapp.com,none,,none,,
motionsafe.com,none,,none,,https://motionsafe.com/
moulins-dumee.com,none,,none,,https://moulins-dumee.com/
mountainseed.com,none,,none,,https://mountainseed.com/
mpe.it,none,,none,,https://mpe.it/
multiserass.com,unreachable,,unreachable,,
multiversity.it,none,,none,,https://multiversity.it/
mutual.group,none,,none,,https://mutual.group/
myarg.com,none,,none,,https://myarg.com/
mygolfspy.com,none,,none,,https://mygolfspy.com/
myshinetw.com,none,,none,,https://myshinetw.com/
mzb-group.com,none,,none,,https://mzb-group.com/
nactarome.eu,unreachable,,unreachable,,
najolearibeauty.com,none,,none,,https://najolearibeauty.com/
nalamembranes.com,none,,none,,https://nalamembranes.com/
nanit.com,none,,none,,https://nanit.com/
nanoh2o.com,none,,none,,https://nanoh2o.com/
nationalchecking.com,none,,none,,https://nationalchecking.com/
naturerepublic.com,unreachable,,unreachable,,
navajoexpress.com,none,,none,,https://navajoexpress.com/
navex.com,none,,none,,https://navex.com/
navix.fi,none,,none,,https://navix.fi/
nccourage.com,none,,microsoft_candidate,js:msal_or_msonline_wiring,https://nccourage.com/
nclean.fi,none,,none,,
nebula.fi,unreachable,,unreachable,,
nec-inc.com,none,,none,,https://nec-inc.com/
nelsonworldwide.com,none,,none,,https://nelsonworldwide.com/
neogenyxfuels.com,none,,none,,https://neogenyxfuels.com/
neowiz.com,none,,none,,https://neowiz.com/
nepes.co.kr,none,,none,,https://nepes.co.kr/
nervianoms.com,none,,none,,https://nervianoms.com/
nestecinc.com,none,,none,,https://nestecinc.com/
nethive.it,none,,none,,https://nethive.it/
netlaw.com,code,req:response_type=code,none,,https://netlaw.com/
netwidetech.com,none,,none,,https://netwidetech.com/
nevvon.com,none,,none,,https://nevvon.com/
new-frontier.com,none,,none,,https://new-frontier.com/
newagemedical.com,none,,none,,https://newagemedical.com/
nexben.com,none,,none,,https://nexben.com/
nexigroup.com,none,,none,,https://nexigroup.com/
nexion.it,none,,none,,https://nexion.it/
nextchip.com,none,,none,,https://nextchip.com/
nextfour.com,none,,none,,https://nextfour.com/
nextpointgroup.com,none,,none,,https://nextpointgroup.com/
nexuspower.com,none,,none,,https://nexuspower.com/
nfw.earth,none,,none,,https://nfw.earth/
nhn-commerce.com,none,,none,,
nicholscauley.com,none,,none,,https://nicholscauley.com/
nickersoncorp.com,none,,none,,https://nickersoncorp.com/
niemi.fi,none,,none,,https://niemi.fi/
nisamest.fi,unreachable,,unreachable,,
niteoproducts.com,none,,none,,https://niteoproducts.com/
nlign.com,none,,none,,https://nlign.com/
nobullproject.com,none,,none,,
nonnagroup.fi,none,,none,,https://nonnagroup.fi/
nordiclights.com,none,,none,,https://nordiclights.com/
normek.fi,none,,none,,https://normek.fi/
normi.fi,none,,none,,https://normi.fi/
northlineindustrial.com,none,,none,,https://northlineindustrial.com/
notomia.com,none,,none,,https://notomia.com/
novelfh.com,none,,none,,https://novelfh.com/
noxglobal.com,none,,none,,https://noxglobal.com/
noxgroup.com,none,,none,,https://noxgroup.com/
nucleusrad.com,none,,none,,https://nucleusrad.com/
nudesigners.jp,none,,none,,https://nudesigners.jp/
nutriscienceusa.com,none,,none,,https://nutriscienceusa.com/
nuviewhealth.com,none,,none,,https://nuviewhealth.com/
nuviewit.com,none,,none,,https://nuviewit.com/
nvindt.com,none,,none,,https://nvindt.com/
o-lens.com,none,,none,,https://o-lens.com/
oasiskwt.com,none,,none,,https://oasiskwt.com/
obepower.com,none,,none,,https://obepower.com/
objectway.it,none,,none,,https://objectway.it/
ochain.bike,none,,none,,https://ochain.bike/
ochobase.com,none,,none,,https://ochobase.com/
ocsnet.it,none,,none,,https://ocsnet.it/
oddlygood.com,none,,microsoft_candidate,js:msal_or_msonline_wiring,https://oddlygood.com/
ode.com,none,,none,,https://ode.com/
odysseysr.com,none,,none,,https://odysseysr.com/
offenderwatch.com,none,,none,,https://offenderwatch.com/
office.hancom.com,none,,none,,https://office.hancom.com/
offitcapital.com,unreachable,,unreachable,,
ohyaas.com,jwt,req:response_type=id_token,none,,https://ohyaas.com/
oi.fi,none,,none,,https://oi.fi/
olimpiasplendid.com,none,,none,,
omaelainklinikka.fi,unreachable,,unreachable,,
omlet.us,none,,none,,https://omlet.us/
omnigym.com,none,,none,,https://omnigym.com/
omt-torino.com,none,,none,,https://omt-torino.com/
oncorps.ai,none,,none,,https://oncorps.ai/
one-sourcepayroll.com,unreachable,,unreachable,,
oneclicklca.com,none,,none,,https://oneclicklca.com/
onestream.com,none,,none,,https://onestream.com/
onnibus.com,none,,none,,https://onnibus.com/
onupkeep.com,none,,none,,https://onupkeep.com/
onxmaps.com,code,req:response_type=code,none,,https://onxmaps.com/
opentrackmusic.com,unreachable,,unreachable,,
optimaitalia.com,none,,none,,https://optimaitalia.com/
optimares.com,none,,none,,https://optimares.com/
optimedhp.com,none,,none,,https://optimedhp.com/
orbweaver.com,none,,none,,https://orbweaver.com/
organicawater.com,none,,none,,https://organicawater.com/
originagency.com,none,,none,,https://originagency.com/
orionlegalmso.com,none,,none,,https://orionlegalmso.com/
orizzontesolare.it,none,,none,,
orthexgroup.com,none,,none,,https://orthexgroup.com/
outsite.co,none,,none,,
ovlcontainer.com,none,,none,,https://ovlcontainer.com/
owatec.fi,none,,none,,https://owatec.fi/
pacificlawnsprinklers.com,none,,none,,https://pacificlawnsprinklers.com/
pagani.com,none,,none,,https://pagani.com/
palmettomoononline.com,none,,none,,
palodexgroup.com,none,,none,,https://palodexgroup.com/
pandionalliance.com,none,,none,,https://pandionalliance.com/
panepintodevelopment.com,none,,none,,https://panepintodevelopment.com/
panmonviso.it,none,,none,,https://panmonviso.it/
panocean.com,none,,none,,https://panocean.com/
paradigmhse.com,none,,none,,https://paradigmhse.com/
paradigmoralhealth.com,none,,none,,https://paradigmoralhealth.com/
paramount-placement.com,none,,none,,https://paramount-placement.com/
parkingenergy.com,code,req:response_type=code,none,,https://parkingenergy.com/
parkingo.com,none,,none,,https://parkingo.com/
parktofly.it,none,,none,,https://parktofly.it/
pathwayvets.com,none,,microsoft_candidate,js:msal_or_msonline_wiring,https://pathwayvets.com/
patronpoints.com,none,,none,,https://patronpoints.com/
patternenergy.com,none,,none,,https://patternenergy.com/
pavconllc.com,none,,none,,https://pavconllc.com/
payquicker.com,none,,none,,https://payquicker.com/
pcgfirm.com,none,,none,,https://pcgfirm.com/
pedsone.com,none,,none,,https://pedsone.com/
pelcosolutions.com,err,timeout,none,,
pelotongroup.com,unreachable,,unreachable,,
peregrineenergysolutions.com,none,,none,,https://peregrineenergysolutions.com/
perennebell.com,none,,none,,https://perennebell.com/
pexcard.com,jwt,req:response_type=id_token,microsoft,req:ms_redirect,https://pexcard.com/
pharmatest.com,none,,none,,https://pharmatest.com/
pharmicell.com,none,,none,,https://pharmicell.com/
phiagroup.com,none,,none,,https://phiagroup.com/
phmgroup.fi,none,,microsoft,req:ms_redirect,https://phmgroup.fi/
phse.com,none,,none,,https://phse.com/
pia-engineering.fi,unreachable,,unreachable,,
pibiplast.com,none,,none,,https://pibiplast.com/
pibond.com,none,,none,,https://pibond.com/
pickleball.com,none,,none,,https://pickleball.com/
picktongasstorage.com,none,,none,,https://picktongasstorage.com/
picturesongold.com,none,,none,,https://picturesongold.com/
pihlajalinna.fi,none,,none,,https://pihlajalinna.fi/
pike.com,none,,none,,https://pike.com/
pilkepaivakodit.fi,err,timeout,none,,
pillrhealth.com,none,,none,,https://pillrhealth.com/
pilotgaea.com.tw,none,,none,,https://pilotgaea.com.tw/
pilvi.com,none,,none,,https://pilvi.com/
pixartprinting.com,none,,none,,https://pixartprinting.com/
pixelmagic.com,none,,none,,https://pixelmagic.com/
pizzium.com,none,,none,,https://pizzium.com/
placeexchange.com,none,,none,,https://placeexchange.com/
plastiape.com,none,,none,,https://plastiape.com/
playlist.com,none,,none,,https://playlist.com/
plurima.info,unreachable,,unreachable,,
plustv.fi,none,,none,,https://plustv.fi/
podiumentertainment.com,none,,none,,https://podiumentertainment.com/
podotree.com,unreachable,,unreachable,,
poggipolini.it,none,,none,,https://poggipolini.it/
pointskash.com,none,,none,,https://pointskash.com/
polarica.com,none,,none,,https://polarica.com/
polenghigroup.it,none,,none,,
poltronafrau.com,none,,none,,https://poltronafrau.com/
ponsi.it,none,,none,,
portagepointpartners.com,none,,none,,https://portagepointpartners.com/
portside.co,none,,none,,https://portside.co/
power-gem.com,none,,none,,https://power-gem.com/
powerelectricsupply.com,none,,none,,https://powerelectricsupply.com/
powerfactors.com,none,,none,,https://powerfactors.com/
powerhrg.com,none,,none,,https://powerhrg.com/
practivet.com,none,,none,,https://practivet.com/
precisionproduction.com,none,,none,,https://precisionproduction.com/
premialab.com,jwt_candidate,js:gis_id_wiring,none,,https://premialab.com/
premierglobalproduction.com,none,,none,,https://premierglobalproduction.com/
prepwizard.com,err,timeout,none,,
pretiumpkg.com,none,,none,,https://pretiumpkg.com/
preziosifood.com,none,,none,,
primefinance.com,none,,microsoft,req:ms_redirect,https://primefinance.com/
printbakery.com,none,,none,,https://printbakery.com/
pro-max.us,none,,none,,https://pro-max.us/
procareambulance.com,none,,none,,https://procareambulance.com/
prochant.com,none,,none,,https://prochant.com/
producersmidstreamlp.com,none,,none,,https://producersmidstreamlp.com/
produceshop.it,none,,none,,https://produceshop.it/
proel.com,none,,none,,https://proel.com/
profinder.fi,none,,none,,https://profinder.fi/
profitsoftware.com,none,,none,,https://profitsoftware.com/
proger.it,none,,none,,https://proger.it/
prontoplumbing.com,none,,none,,https://prontoplumbing.com/
propagatecontent.com,none,,none,,https://propagatecontent.com/
prospyrmed.com,none,,none,,https://prospyrmed.com/
psaitaly.com,none,,none,,https://psaitaly.com/
pscsite.com,none,,none,,https://pscsite.com/
pterodynamics.com,none,,none,,https://pterodynamics.com/
publimethod.com,none,,none,,https://publimethod.com/
puravidamiami.com,none,,none,,https://puravidamiami.com/
purespectrum.com,none,,none,,https://purespectrum.com/
purvac.fi,none,,none,,https://purvac.fi/
puuha.com,unreachable,,unreachable,,
puzzlehealthcare.com,none,,none,,
q84sale.com,none,,none,,https://q84sale.com/
qgroup.de,none,,none,,
qima.com,none,,none,,https://qima.com/
quadmedicine.com,unreachable,,unreachable,,
quantifind.com,none,,none,,https://quantifind.com/
quicken.com,none,,none,,https://quicken.com/
quigroup.it,unreachable,,unreachable,,
quorum.us,none,,none,,https://quorum.us/
quratis.com,none,,none,,https://quratis.com/
r92m.com,none,,none,,https://r92m.com/
raccortubi.com,none,,none,,
radiciproducts.it,none,,none,,https://radiciproducts.it/
radiologikeskus.fi,none,,none,,https://radiologikeskus.fi/
radxos.com,none,,none,,https://radxos.com/
rafilawgroup.com,none,,none,,https://rafilawgroup.com/
rajobit.com,none,,none,,https://rajobit.com/
ranciliogroup.com,none,,none,,https://ranciliogroup.com/
randazzo.it,unreachable,,unreachable,,
rantalainen.fi,none,,none,,https://rantalainen.fi/
raptortech.com,none,,none,,https://raptortech.com/
raptortransfer.com,none,,none,,https://raptortransfer.com/
rawstone.it,unreachable,,unreachable,,
rcxsports.com,none,,none,,https://rcxsports.com/
rdnutritionconsultants.com,none,,none,,https://rdnutritionconsultants.com/
re2sources.com,none,,none,,https://re2sources.com/
realinvestmentadvice.com,none,,none,,https://realinvestmentadvice.com/
realtimereservation.com,none,,none,,https://realtimereservation.com/
recrowd.com,none,,none,,https://recrowd.com/
recruit.net,none,,none,,https://recruit.net/
redlynx.com,none,,none,,https://redlynx.com/
redzonetech.net,none,,none,,
regencyelectricinc.com,none,,none,,https://regencyelectricinc.com/
regencyplumbing.com,none,,none,,https://regencyplumbing.com/
relevi.it,none,,none,,https://relevi.it/
relyhome.com,none,,none,,https://relyhome.com/
renewdigital.com,none,,none,,https://renewdigital.com/
renewvia.com,none,,none,,https://renewvia.com/
reninc.com,none,,none,,https://reninc.com/
renovationbrands.com,none,,none,,https://renovationbrands.com/
renta.com,none,,none,,https://renta.com/
repspark.com,none,,none,,https://repspark.com/
republic.com,none,,none,,https://republic.com/
respecta.fi,none,,none,,https://respecta.fi/
retta.fi,none,,none,,https://retta.fi/
reviveig.com,none,,none,,https://reviveig.com/
rewindrestoration.com,none,,none,,https://rewindrestoration.com/
rfiingredients.com,none,,none,,https://rfiingredients.com/
rhoback.com,none,,none,,https://rhoback.com/
richeymay.com,none,,none,,https://richeymay.com/
richintech.com,none,,none,,
ridecomoto.com,none,,none,,https://ridecomoto.com/
ridezum.com,none,,none,,https://ridezum.com/
ridicorp.com,unreachable,,unreachable,,
rightsline.com,none,,none,,https://rightsline.com/
rina.org,unreachable,,unreachable,,
riskreg.com,none,,none,,https://riskreg.com/
rlddistribution.com,none,,none,,https://rlddistribution.com/
rmcfinland.fi,none,,none,,https://rmcfinland.fi/
robertocavalli.com,err,timeout,none,,
roc360.com,none,,none,,https://roc360.com/
rockco.com,none,,none,,https://rockco.com/
rockriverlab.com,none,,none,,https://rockriverlab.com/
roenest.com,none,,none,,https://roenest.com/
roimaint.com,none,,none,,https://roimaint.com/
romarpane.com,none,,none,,https://romarpane.com/
romeinternationalschool.it,none,,none,,https://romeinternationalschool.it/
rototec.fi,none,,none,,https://rototec.fi/
round2corp.com,none,,none,,https://round2corp.com/
routingbox.com,none,,none,,https://routingbox.com/
rowanenergycompany.com,none,,none,,https://rowanenergycompany.com/
royalravintolat.com,unreachable,,unreachable,,
rtmec.com,none,,none,,https://rtmec.com/
rtsrl.eu,none,,none,,https://rtsrl.eu/
russellequipment.com,err,timeout,none,,
rxante.com,none,,none,,https://rxante.com/
rxrrealty.com,unreachable,,unreachable,,
ryan.com,none,,none,,https://ryan.com/
saarnicloud.com,none,,none,,https://saarnicloud.com/
saascg.com,none,,none,,https://saascg.com/
safety21.it,none,,none,,https://safety21.it/
saisystemshealth.com,none,,none,,https://saisystemshealth.com/
sakawa.sakawa.com.tw,none,,none,,https://sakawa.sakawa.com.tw/
samsunglife.com,none,,none,,https://samsunglife.com/
sanlorenzoyacht.com,none,,none,,
savcor.com,none,,none,,https://savcor.com/
savetheduck.com,none,,none,,https://savetheduck.com/
savvymoney.com,none,,none,,https://savvymoney.com/
sbigrowth.com,none,,none,,https://sbigrowth.com/
scenthound.com,none,,none,,https://scenthound.com/
schellman.com,none,,none,,https://schellman.com/
scorejp.com,none,,none,,https://scorejp.com/
screentec.com,none,,none,,https://screentec.com/
seaborneairlines.com,none,,microsoft_candidate,js:msal_or_msonline_wiring,https://seaborneairlines.com/
sealedair.com,none,,none,,https://sealedair.com/
sebach.it,unreachable,,unreachable,,
sebia.com,none,,none,,https://sebia.com/
secnewgate.com,none,,none,,https://secnewgate.com/
seco.com,none,,none,,https://seco.com/
securityfiresystems.com,none,,none,,https://securityfiresystems.com/
sedron.com,none,,none,,https://sedron.com/
selkirk.com,code,req:response_type=code,none,,https://selkirk.com/
selleroyal.com,none,,none,,https://selleroyal.com/
semiconx.com,none,,none,,https://semiconx.com/
senderrarx.com,unreachable,,unreachable,,
sentinel.com,none,,none,,https://sentinel.com/
seranbio.com,none,,none,,https://seranbio.com/
serifhealth.com,none,,none,,https://serifhealth.com/
serijakala.com,none,,none,,https://serijakala.com/
servicelogic.com,none,,none,,https://servicelogic.com/
servtech.com.tw,none,,none,,https://servtech.com.tw/
sesco-inc.com,none,,none,,https://sesco-inc.com/
shanghaitang.com,none,,none,,https://shanghaitang.com/
sharedpracticesgroup.com,none,,none,,https://sharedpracticesgroup.com/
shastapools.com,none,,none,,https://shastapools.com/
sherweb.com,none,,none,,https://sherweb.com/
shifttransit.net,none,,none,,https://shifttransit.net/
shiftup.co.kr,none,,none,,https://shiftup.co.kr/
shiplsl.com,unreachable,,unreachable,,
shipsigma.com,none,,none,,
shoemarker.co.kr,none,,none,,
shorepointinc.com,none,,none,,https://shorepointinc.com/
shsec.co.kr,none,,none,,https://shsec.co.kr/
sia.eu,unreachable,,unreachable,,
sicerceramicsurfaces.com,none,,none,,https://sicerceramicsurfaces.com/
sievo.com,none,,none,,https://sievo.com/
sifigroup.com,none,,none,,https://sifigroup.com/
sifitalia.it,none,,none,,https://sifitalia.it/
siliconranch.com,none,,none,,https://siliconranch.com/
silmaasema.fi,none,,none,,https://silmaasema.fi/
silo.ai,unreachable,,unreachable,,
simoneye.com,none,,none,,https://simoneye.com/
simplistic.com,none,,none,,https://simplistic.com/
simplyfuel.com,none,,none,,https://simplyfuel.com/
simpson-associates.co.uk,unreachable,,unreachable,,
sinpro.com,none,,none,,https://sinpro.com/
sisal.com,unreachable,,unreachable,,
site.danestreet.com,none,,none,,https://site.danestreet.com/
sitemetric.com,none,,microsoft_candidate,js:msal_or_msonline_wiring,https://sitemetric.com/
siwonschool.com,none,,none,,https://siwonschool.com/
skens.com,none,,none,,https://skens.com/
slam.com,code,req:response_type=code,none,,https://slam.com/
sll.co.kr,none,,none,,https://sll.co.kr/
smartcitylocating.com,none,,none,,https://smartcitylocating.com/
smartscore.kr,none,,none,,https://smartscore.kr/
smbfranchising.com,none,,none,,https://smbfranchising.com/
smileamericapartners.com,none,,none,,https://smileamericapartners.com/
smith-howard.com,none,,none,,https://smith-howard.com/
sml.com,none,,none,,https://sml.com/
smtenergy.com,none,,none,,https://smtenergy.com/
snaidero.com,none,,none,,https://snaidero.com/
snyderenv.com,none,,none,,https://snyderenv.com/
socalpenske.com,none,,none,,https://socalpenske.com/
solai.com,none,,none,,https://solai.com/
solita.fi,none,,none,,https://solita.fi/
solmetex.com,none,,none,,https://solmetex.com/
sooyangchem.com,unreachable,,unreachable,,
sorgent-e.com,none,,none,,https://sorgent-e.com/
southfieldenergy.com,none,,none,,https://southfieldenergy.com/
sovargen.com,none,,none,,https://sovargen.com/
sparrowhawkre.com,none,,none,,https://sparrowhawkre.com/
special-flanges.it,none,,none,,https://special-flanges.it/
specim.com,none,,none,,https://specim.com/
spectronrx.com,none,,none,,https://spectronrx.com/
spectrotel.com,none,,none,,https://spectrotel.com/
spectrumbrands.com,none,,none,,https://spectrumbrands.com/
speculo.ai,code,req:response_type=code,none,,https://speculo.ai/
speedbay.com,none,,none,,https://speedbay.com/
spig-int.com,none,,none,,https://spig-int.com/
spinnakersupport.co.za,none,,none,,https://spinnakersupport.co.za/
spur.us,none,,none,,https://spur.us/
sreglobal.com,none,,none,,https://sreglobal.com/
ssangyongcne.co.kr,none,,none,,https://ssangyongcne.co.kr/
ssg.com,none,,none,,https://ssg.com/
ssind.com,none,,none,,https://ssind.com/
stanchem-inc.com,none,,none,,https://stanchem-inc.com/
starcsystems.com,none,,none,,https://starcsystems.com/
staritas.com,none,,none,,https://staritas.com/
starrez.com,none,,none,,https://starrez.com/
stavatti.com,none,,none,,https://stavatti.com/
stella.fi,none,,none,,https://stella.fi/
stellarsnacks.com,none,,none,,https://stellarsnacks.com/
stephanoslack.com,unreachable,,unreachable,,
stewardpartners.com,none,,none,,https://stewardpartners.com/
stranich.it,none,,none,,https://stranich.it/
structured.ai,none,,none,,https://structured.ai/
subcontractorhub.com,none,,none,,https://subcontractorhub.com/
submar.com,none,,none,,https://submar.com/
suga.com.hk,none,,none,,https://suga.com.hk/
sulsung.imweb.me,none,,none,,https://sulsung.imweb.me/
sunhavenmanagement.com,none,,none,,https://sunhavenmanagement.com/
suninco.kr,none,,none,,https://suninco.kr/
suniva.com,none,,none,,https://suniva.com/
suomenkulutusosa.fi,none,,none,,https://suomenkulutusosa.fi/
surgitech.com.tw,none,,none,,https://surgitech.com.tw/
sushiexpress.com.tw,none,,none,,https://sushiexpress.com.tw/
swisscare.it,none,,none,,https://swisscare.it/
switzerlandwatchshop.com,unreachable,,unreachable,,
sylvan.bio,none,,none,,https://sylvan.bio/
symbio.com,none,,none,,https://symbio.com/
symplast.com,none,,none,,https://symplast.com/
symplr.com,none,,none,,https://symplr.com/
synaitken.com,none,,none,,https://synaitken.com/
syntasa.com,none,,none,,https://syntasa.com/
synthbee.com,none,,none,,https://synthbee.com/
systemone.com,unreachable,,unreachable,,
t2000.com,none,,none,,https://t2000.com/
tabapay.com,none,,none,,https://tabapay.com/
taekyungchemical.co.kr,unreachable,,unreachable,,
tagtowers.com,none,,none,,https://tagtowers.com/
tailwindconcessions.com,unreachable,,unreachable,,
taitonetti.fi,none,,none,,https://taitonetti.fi/
talonpx.com,none,,none,,https://talonpx.com/
tamtrongroup.com,none,,none,,https://tamtrongroup.com/
tana.fi,none,,none,,https://tana.fi/
tanisbrush.com,none,,none,,https://tanisbrush.com/
tapex.co.kr,none,,none,,https://tapex.co.kr/
tapigroup.com,none,,none,,https://tapigroup.com/
taratest.fi,none,,none,,https://taratest.fi/
targatelematics.com,none,,none,,https://targatelematics.com/
taste-italy.it,err,timeout,none,,
tcedenim.co.kr,none,,none,,https://tcedenim.co.kr/
tcmbiosciences.com,none,,none,,https://tcmbiosciences.com/
teamexos.com,none,,none,,https://teamexos.com/
teamworks.com,none,,none,,https://teamworks.com/
tebra.com,none,,none,,https://tebra.com/
tecnaspa.it,none,,none,,https://tecnaspa.it/
tekniseri.fi,none,,none,,https://tekniseri.fi/
teleflexmedicaloem.com,none,,none,,https://teleflexmedicaloem.com/
temasinergie.it,none,,none,,
templeviewcap.com,none,,none,,https://templeviewcap.com/
terarosa.com,none,,none,,https://terarosa.com/
termoline.fi,unreachable,,unreachable,,
termozeta.com,none,,none,,https://termozeta.com/
terra-gen.com,none,,none,,https://terra-gen.com/
terrot.de,none,,none,,https://terrot.de/
tevausa.com,none,,microsoft_candidate,js:msal_or_msonline_wiring,https://tevausa.com/
texasinjectionmolding.com,none,,none,,https://texasinjectionmolding.com/
texaslng.com,none,,none,,https://texaslng.com/
theblock.co,none,,none,,https://theblock.co/
thebluebirdgrp.com,none,,none,,https://thebluebirdgrp.com/
thecenternode.com,none,,none,,https://thecenternode.com/
thedoux.com,none,,none,,https://thedoux.com/
theedgeforjewelers.com,none,,none,,https://theedgeforjewelers.com/
theenm.com,none,,none,,https://theenm.com/
theforgecompanies.com,none,,none,,https://theforgecompanies.com/
thelunchmaster.com,code,req:response_type=code,none,,https://thelunchmaster.com/
theorgchart.com,none,,none,,https://theorgchart.com/
theskinfood.com,none,,none,,https://theskinfood.com/
thibautdesign.com,none,,none,,https://thibautdesign.com/
third.co,none,,none,,https://third.co/
thomas-and-company.com,none,,none,,https://thomas-and-company.com/
thoughtlogic.com,none,,none,,https://thoughtlogic.com/
thread.bank,err,timeout,none,,
thriveholdings.com,none,,none,,https://thriveholdings.com/
tipalti.com,none,,none,,https://tipalti.com/
titaninvestors-llc.com,unreachable,,unreachable,,
tmapmobility.com,none,,none,,https://tmapmobility.com/
tmmg.us.com,none,,none,,https://tmmg.us.com/
tmon.co.kr,none,,none,,https://tmon.co.kr/
tobybartlett.ca,none,,none,,https://tobybartlett.ca/
tocqueville.com,none,,none,,https://tocqueville.com/
tonch.com.tw,unreachable,,unreachable,,
tonghaifinancial.com,none,,none,,https://tonghaifinancial.com/
tongruninternational.com,none,,none,,https://tongruninternational.com/
toolost.com,none,,none,,https://toolost.com/
topdsht.com,none,,none,,https://topdsht.com/
topes.com,none,,none,,https://topes.com/
toscotec.com,none,,none,,https://toscotec.com/
totalfire.biz,none,,none,,https://totalfire.biz/
towernorth.com,none,,none,,https://towernorth.com/
trafotek.fi,none,,none,,https://trafotek.fi/
translated.com,none,,none,,https://translated.com/
treee.it,none,,none,,https://treee.it/
treestoday.com,none,,none,,https://treestoday.com/
treivet.com,none,,none,,https://treivet.com/
trevisanalat.it,none,,none,,https://trevisanalat.it/
tribeflame.com,unreachable,,unreachable,,
trinamix.com,none,,none,,https://trinamix.com/
trinnotech.com,unreachable,,unreachable,,
trooh.com,none,,none,,https://trooh.com/
trsaero.com,unreachable,,unreachable,,
truelacrosse.com,none,,none,,https://truelacrosse.com/
truenorthfleetservices.com,none,,none,,https://truenorthfleetservices.com/
trueplatform.com,none,,none,,https://trueplatform.com/
trustedspace.com,none,,none,,https://trustedspace.com/
trxservices.com,none,,none,,https://trxservices.com/
tryspot.app,jwt,req:response_type=id_token,none,,https://tryspot.app/
tsuiwah.com,none,,none,,https://tsuiwah.com/
turbettsurgical.com,none,,none,,https://turbettsurgical.com/
twinhead.com.tw,none,,none,,https://twinhead.com.tw/
twinpack.com,none,,none,,https://twinpack.com/
twosome.co.kr,unreachable,,unreachable,,
txg.aero,none,,none,,https://txg.aero/
tyk.li,unreachable,,unreachable,,
uccdive.com,none,,none,,https://uccdive.com/
ugint.co.kr,none,,none,,https://ugint.co.kr/
uk.chili.com,none,,none,,https://uk.chili.com/
ukko.fi,none,,none,,https://ukko.fi/
ukseung.co.kr,none,,none,,https://ukseung.co.kr/
ultimateknowledge.com,none,,none,,https://ultimateknowledge.com/
ultimateperformance.com,none,,none,,https://ultimateperformance.com/
ultroneo.com,none,,none,,https://ultroneo.com/
unclaimedpropertyspecialists.com,none,,none,,https://unclaimedpropertyspecialists.com/
unicoglobal.com,none,,none,,https://unicoglobal.com/
unifyr.com,none,,none,,https://unifyr.com/
unionbayrisk.com,none,,none,,https://unionbayrisk.com/
unisonriskadvisors.com,none,,none,,https://unisonriskadvisors.com/
united-gs.com,none,,none,,https://united-gs.com/
unitedutility.com,none,,none,,https://unitedutility.com/
unitex.com,none,,none,,https://unitex.com/
urv.fi,none,,none,,https://urv.fi/
usco.it,none,,none,,https://usco.it/
usdsjv.tiktok.com,none,,none,,https://usdsjv.tiktok.com/
usfertility.com,none,,none,,https://usfertility.com/
usfibers.com,none,,none,,https://usfibers.com/
v2home.com,none,,none,,
vacation.inc,none,,none,,https://vacation.inc/
vaihtolava.com,none,,none,,https://vaihtolava.com/
valentpartners.com,none,,none,,https://valentpartners.com/
validia.fi,none,,none,,https://validia.fi/
valitana.com,none,,none,,https://valitana.com/
valorfleetservices.com,none,,none,,https://valorfleetservices.com/
valvitalia.com,unreachable,,unreachable,,
vandenboomassociates.com,none,,none,,https://vandenboomassociates.com/
vanguardclaims.com,none,,none,,https://vanguardclaims.com/
vantaankiinnike.fi,none,,none,,https://vantaankiinnike.fi/
vantaca.com,none,,none,,https://vantaca.com/
vantora.us,none,,none,,https://vantora.us/
varaani.com,none,,none,,https://varaani.com/
vastaamo.fi,unreachable,,unreachable,,
vastian.com,none,,none,,https://vastian.com/
velentiummedical.com,none,,none,,https://velentiummedical.com/
velocityrestorations.com,err,timeout,none,,
ventivegroup.com,none,,none,,https://ventivegroup.com/
verifiedclinicaltrials.com,unreachable,,unreachable,,
verily.com,none,,none,,https://verily.com/
veritasprime.com,none,,none,,https://veritasprime.com/
versace.com,unreachable,,unreachable,,
verticalbridge.com,none,,none,,https://verticalbridge.com/
vestafoodservice.com,none,,none,,https://vestafoodservice.com/
vetroelite.com,none,,none,,https://vetroelite.com/
vetrospace.com,none,,none,,https://vetrospace.com/
vetspire.com,none,,none,,https://vetspire.com/
vexve.com,none,,none,,https://vexve.com/
vheda.com,none,,none,,https://vheda.com/
viafin.fi,none,,none,,https://viafin.fi/
vibeiq.com,none,,none,,https://vibeiq.com/
vieworks.com,none,,none,,https://vieworks.com/
vikendetection.com,none,,none,,https://vikendetection.com/
vikingpt.com,none,,none,,https://vikingpt.com/
vilem.media,unreachable,,unreachable,,
vimec.biz,none,,none,,https://vimec.biz/
vimercati.com,none,,none,,https://vimercati.com/
virosac.com,none,,none,,https://virosac.com/
virta.global,none,,none,,https://virta.global/
virtnumber.com,none,,none,,https://virtnumber.com/
visionnaire-home.com,none,,none,,https://visionnaire-home.com/
vitahustle.com,none,,none,,https://vitahustle.com/
vivereover.it,none,,none,,https://vivereover.it/
vmc-franceair.com,none,,none,,https://vmc-franceair.com/
voltafield.com,none,,none,,https://voltafield.com/
voltagrid.com,none,,none,,https://voltagrid.com/
vsthose.com,none,,none,,https://vsthose.com/
wallstreetenglish.edu.hk,none,,none,,https://wallstreetenglish.edu.hk/
wasteologygroup.com,none,,none,,https://wasteologygroup.com/
waterstonepg.com,none,,none,,https://waterstonepg.com/
waterwelldrilling.com,none,,none,,https://waterwelldrilling.com/
waylinpartners.com,none,,none,,https://waylinpartners.com/
weathermatic.com,unreachable,,unreachable,,
weave-living.com,code,req:response_type=code,none,,https://weave-living.com/
wecs.com,none,,none,,https://wecs.com/
welinktech.5108.tw,unreachable,,unreachable,,
westernbotanicals.com,unreachable,,unreachable,,
westin.marriott.com,none,,none,,https://westin.marriott.com/
westphysics.com,none,,none,,https://westphysics.com/
whereareyou.kr,unreachable,,unreachable,,
whitedeervfx.com,none,,none,,https://whitedeervfx.com/
wiadvance.com,none,,none,,https://wiadvance.com/
wilbargroup.com,none,,none,,https://wilbargroup.com/
wilkersoncranerental.com,none,,none,,https://wilkersoncranerental.com/
wine-suite.com,none,,none,,https://wine-suite.com/
winia.com,none,,none,,
wiplegames.com,none,,none,,https://wiplegames.com/
wisenetwork.fi,none,,none,,https://wisenetwork.fi/
wisgaragedoors.com,none,,none,,https://wisgaragedoors.com/
wixtar.com,unreachable,,unreachable,,
wm-plast.fi,unreachable,,unreachable,,
wonikrobotics.com,none,,none,,https://wonikrobotics.com/
woodfielddevelopment.net,none,,none,,https://woodfielddevelopment.net/
woofgangbakery.com,none,,none,,https://woofgangbakery.com/
woolpert.com,none,,none,,https://woolpert.com/
worldgymtaiwan.com,unreachable,,unreachable,,
worldtravelholdings.com,none,,none,,https://worldtravelholdings.com/
wunder.io,none,,none,,https://wunder.io/
x-akseli.fi,unreachable,,unreachable,,
x-b-e.com,unreachable,,unreachable,,
x-energy.com,none,,none,,https://x-energy.com/
xceedance.com,none,,none,,https://xceedance.com/
xpansiv.com,none,,none,,https://xpansiv.com/
xsponse.com,none,,none,,https://xsponse.com/
yahome.com.tw,none,,none,,https://yahome.com.tw/
yardmaster.com,none,,none,,https://yardmaster.com/
yawjet.com,none,,none,,https://yawjet.com/
ybrain.com,none,,microsoft_candidate,js:msal_or_msonline_wiring,https://ybrain.com/
yellowvisa.com,none,,none,,https://yellowvisa.com/
yg1.co.kr,none,,none,,https://yg1.co.kr/
yomeen.com,none,,none,,https://yomeen.com/
yubiq.com,none,,none,,https://yubiq.com/
yudo.com.cn,none,,none,,
yzyperfumes.com,none,,none,,https://yzyperfumes.com/
zencore.dev,none,,none,,https://zencore.dev/
zinqlabs.ai,none,,none,,https://zinqlabs.ai/
zjld.com,unreachable,,unreachable,,
zonin.com,none,,none,,https://zonin.com/
zsystem.com.tw,unreachable,,unreachable,,
