domain,verdict,evidence,login_url
amlbot.com,code,req:response_type=code,https://amlbot.com/
app.aepsy.com,none,,https://app.aepsy.com/
app.bayzat.com,none,,https://app.bayzat.com/
app.feather-insurance.com,none,,https://app.feather-insurance.com/
app.lightdash.cloud,code,req:response_type=code,https://app.lightdash.cloud/
app.nextmatter.com,code,req:response_type=code,https://app.nextmatter.com/
app.nous.co,code,req:response_type=code,https://app.nous.co/
app.triplewhale.com,none,,
appewa.com,none,,https://appewa.com/
apps.jelou.ai,code,req:response_type=code,https://apps.jelou.ai/
bee-greenworld.com,none,,https://bee-greenworld.com/
bitrefill.com,code,req:response_type=code,
blockchain.info,none,,https://blockchain.info/
brandsforless.com,none,,https://brandsforless.com/
buyer.trymala.com,code,req:response_type=code,https://buyer.trymala.com/
chat.linqalpha.com,code,req:response_type=code,https://chat.linqalpha.com/
claned.com,none,,https://claned.com/
cm.partipost.com,code,req:response_type=code,https://cm.partipost.com/
coinbase.com,code,req:response_type=code,https://coinbase.com/
console.zenadmin.ai,code,req:response_type=code,https://console.zenadmin.ai/
dashboard.boxo.io,code,req:response_type=code,https://dashboard.boxo.io/
dashboard.cufinder.io,none,,https://dashboard.cufinder.io/
dashboard.mamopay.com,none,,
dashboard.paywithatoa.co.uk,code,req:response_type=code,https://dashboard.paywithatoa.co.uk/
dashboard.xmoney.com,code,req:response_type=code,https://dashboard.xmoney.com/
exness.com,none,,https://exness.com/
feelvaleo.com,code,req:response_type=code,https://feelvaleo.com/
getstake.com,none,,https://getstake.com/
glovoapp.com,code,req:response_type=code,https://glovoapp.com/
home.color.com,code,req:response_type=code,https://home.color.com/
hq1.appsflyer.com,code,req:response_type=code,https://hq1.appsflyer.com/
kuvrd.ca,none,,https://kuvrd.ca/
livup.com.br,none,,https://livup.com.br/
lokalee.app,code,req:response_type=code,https://lokalee.app/
lookiero.co.uk,code,req:response_type=code,https://lookiero.co.uk/
lucid.app,code,req:response_type=code,https://lucid.app/
make.org,none,,https://make.org/
mansa.com,none,,https://mansa.com/
marblepay.com,none,,https://marblepay.com/
margex.com,code,req:response_type=code,https://margex.com/
onestepgps.com,none,,https://onestepgps.com/
oreosea.com,unreachable,,
pcloud.com,unreachable,,
platform.workmotion.com,none,,https://platform.workmotion.com/
principalityofcogito.com,none,,https://principalityofcogito.com/
ringg.ai,none,,https://ringg.ai/
seaart.ai,none,,https://seaart.ai/
seller.trymala.com,code,req:response_type=code,https://seller.trymala.com/
sosovalue.com,none,,https://sosovalue.com/
stayqstay.com,none,,https://stayqstay.com/
taager.com,none,,https://taager.com/
tenantcloud.com,none,,https://tenantcloud.com/
therealest.com,code,req:response_type=code,https://therealest.com/
trendyol.com,none,,https://trendyol.com/
veed.io,code,req:response_type=code,https://veed.io/
vuz.com,none,,https://vuz.com/
vyrill.com,none,,https://vyrill.com/
w4games.co,none,,https://w4games.co/
web.gumb.app,none,,https://web.gumb.app/
woox.io,code,req:response_type=code,https://woox.io/
www.assos.com,none,,https://www.assos.com/
www.chobani.com,none,,https://www.chobani.com/
www.pacaso.com,none,,https://www.pacaso.com/
www.tango.me,none,,https://www.tango.me/
